source,pt_PT
 You are impersonating as another user.,Você está se passando por outro usuário.
"""Company History""","""História da Empresa"""
"""Team Members"" or ""Management""","""Membros da equipe"" ou ""Gerenciamento"""
"""amended_from"" field must be present to do an amendment.","O campo ""amended_from"" deve estar presente para fazer uma alteração."
"""{0}"" is not a valid Google Sheets URL","""{0}"" não é um URL válido do Planilhas Google"
${values.doctype_name} has been added to queue for optimization,${values.doctype_name} foi adicionado à fila para otimização
&copy; Frappe Technologies Pvt. Ltd. and contributors,&cópia; Frappe Technologies Unip. Ltd. e colaboradores
&lt;head&gt; HTML,&lt;cabeça&gt; HTML
'*' is only allowed in {0} SQL function(s),'*' só é permitido em {0} funções SQL
'In Global Search' is not allowed for field {0} of type {1},'Na Pesquisa Global' não é permitido para o campo {0} do tipo {1}
'In Global Search' not allowed for type {0} in row {1},'Na Pesquisa Global' não é permitido para o tipo {0} na linha {1}
'In List View' is not allowed for field {0} of type {1},'Na visualização de lista' não é permitido para o campo {0} do tipo {1}
'In List View' not allowed for type {0} in row {1},'Na visualização de lista' não é permitido para o tipo {0} na linha {1}
** Failed: {0} to {1}: {2},** Falha: {0} a {1}: {2}
0 - Draft; 1 - Submitted; 2 - Cancelled,0 - Rascunho; 1 - Enviado; 2 – Cancelado
0 - too guessable: risky password.|||<br>|||1 - very guessable: protection from throttled online attacks. |||<br>|||2 - somewhat guessable: protection from unthrottled online attacks.|||<br>|||3 - safely unguessable: moderate protection from offline slow-hash scenario.|||<br>|||4 - very unguessable: strong protection from offline slow-hash scenario.,0 - muito previsível: senha arriscada.|||<br>|||1 - muito previsível: proteção contra ataques on-line limitados. |||<br>|||2 - algo previsível: proteção contra ataques on-line desenfreados.|||<br>|||3 - segurança inquestionável: proteção moderada contra cenário de hash lento off-line.|||<br>|||4 - muito imprevisível: proteção forte contra cenário de hash lento off-line.
0 is highest,0 é o mais alto
00ee,00ee
057f,057f
06cf,06cf
0cfb,0cfb
1 = True & 0 = False,1 = Verdadeiro e 0 = Falso
1 Currency = [?] Fraction|||For e.g. 1 USD = 100 Cent,"1 Moeda = [?] Fração|||Por exemplo, 1 USD = 100 centavos"
1 row from {0},1 linha de {0}
1 row to {0},1 linha para {0}
13d5,13d5
14c3,14c3
159b,159b
16:9,16:9
17c2,17c2
1:1,1:1
1be4,1be4
1c0b,1c0b
1c7e,1c7e
1d80,1d80
1dde,1dde
23cb,23cb
23e7,23e7
241c,241c
25f0,25f0
2ca0,2 como 0
2d00,2d00
342f,342f
35a1,35a1
37e8,37e8
3bbe,3bbe
3ca3,3ca3
3f8c,3f8c
428f,428f
44ad,44anúncio
44d2,44d2
44e7,44e7
4:3,4:3
4d64,4d64
4de4,4de4
4df4,4df4
4fad,4fad
50c4,50c4
56ef,56ef
5a34,5a34
5c6c,5c6c
5db7,5db7
65f0,65f0
69f3,69f3
6eeb,6eeb
6f53,6f53
73d9,73d9
746f,746f
7b0b,7b0b
7c73,7c73
7dd0,7dd0
7f9a,7f9a
825a,825a
83ab,83ab
861d,861d
8aa5,8aa5
8bbf,8bbf
90e3,90e3
94ca,94ca
99af,99af
9bdd,9bdd
9bf2,9bf2
9ed3,9ed3
9f7f,9f7f
"<div class=""alert"">Please don't update it as it can mess up your form. Use the Customize Form View and Custom Fields to set properties!</div>","<div class=""alert"">Por favor, não atualize-o, pois isso pode atrapalhar seu formulário. Use Personalizar visualização de formulário e campos personalizados para definir propriedades!</div>"
"<div class=""well"">|||    Edit list of Series in the box. Rules:|||    <ul>|||        <li>Each Series Prefix on a new line.</li>|||        <li>Allowed special characters are ""/"" and ""-""</li>|||        <li>|||            Optionally, set the number of digits in the series using dot (.)|||            followed by hashes (#). For example, "".####"" means that the series|||            will have four digits. Default is five digits.|||        </li>|||        <li>|||            You can also use variables in the series name by putting them|||            between (.) dots|||            <br>|||            Supported Variables:|||            <ul>|||                <li><code>.YYYY.</code> - Year in 4 digits</li>|||                <li><code>.YY.</code> - Year in 2 digits</li>|||                <li><code>.MM.</code> - Month</li>|||                <li><code>.DD.</code> - Day of month</li>|||                <li><code>.WW.</code> - Week of the year</li>|||                <li>|||                    <code>.{fieldname}.</code> - fieldname on the document e.g.|||                    <code>branch</code>|||                </li>|||                <li><code>.FY.</code> - Fiscal Year (requires ERPNext to be installed)</li>|||                <li><code>.ABBR.</code> - Company Abbreviation (requires ERPNext to be installed)</li>|||            </ul>|||        </li>|||    </ul>|||    Examples:|||    <ul>|||        <li>INV-</li>|||        <li>INV-10-</li>|||        <li>INVK-</li>|||        <li>INV-.YYYY.-.{branch}.-.MM.-.####</li>|||    </ul>|||</div>|||<br>|||","<div class=""bem"">|||    Edite a lista de séries na caixa. Regras:|||    <ul>|||        <li>Cada prefixo de série em uma nova linha.</li>|||        <li>Os caracteres especiais permitidos são ""/"" e ""-""</li>|||        <li>|||            Opcionalmente, defina o número de dígitos na série usando ponto (.)|||            seguido por hashes (#). Por exemplo, "".####"" significa que a série|||            terá quatro dígitos. O padrão é cinco dígitos.|||        </li>|||        <li>|||            Você também pode usar variáveis ​​no nome da série colocando-as|||            entre (.) pontos|||            <br>|||            Variáveis ​​suportadas:|||            <ul>|||                <li><code>.YYYY.</code> - Ano em 4 dígitos</li>|||                <li><code>.YY.</code> - Ano em 2 dígitos</li>|||                <li><code>.MM.</code> - Mês</li>|||                <li><code>.DD.</code> - Dia do mês</li>|||                <li><code>.WW.</code> - Semana do ano</li>|||                <li>|||                    <code>.{fieldname}.</code> - nome do campo no documento, por exemplo|||                    <code>ramificação</code>|||                </li>|||                <li><code>.FY.</code> - Ano Fiscal (requer a instalação do ERPNext)</li>|||                <li><code>.ABBR.</code> - Abreviatura da empresa (requer instalação do ERPNext)</li>|||            </ul>|||        </li>|||    </ul>|||    Exemplos:|||    <ul>|||        <li>INV-</li>|||        <li>INV-10-</li>|||        <li>INVK-</li>|||        <li>INV-.YYYY.-.{filial}.-.MM.-.####</li>|||    </ul>|||</div>|||<br>|||"
"<h3>Custom CSS Help</h3>||||||<p>Notes:</p>||||||<ol>|||<li>All field groups (label + value) are set attributes <code>data-fieldtype</code> and <code>data-fieldname</code></li>|||<li>All values are given class <code>value</code></li>|||<li>All Section Breaks are given class <code>section-break</code></li>|||<li>All Column Breaks are given class <code>column-break</code></li>|||</ol>||||||<h4>Examples</h4>||||||<p>1. Left align integers</p>||||||<pre><code>[data-fieldtype=""Int""] .value { text-align: left; }</code></pre>||||||<p>1. Add border to sections except the last section</p>||||||<pre><code>.section-break { padding: 30px 0px; border-bottom: 1px solid #eee; }|||.section-break:last-child { padding-bottom: 0px; border-bottom: 0px;  }</code></pre>|||","<h3>Ajuda CSS personalizada</h3>||||||<p>Notas:</p>||||||<ol>|||<li>Todos os grupos de campos (rótulo + valor) são definidos como atributos <code>data-fieldtype</code> e <code>data-fieldname</code></li>|||<li>Todos os valores recebem classe <code>value</code></li>|||<li>Todas as quebras de seção recebem classe <code>section-break</code></li>|||<li>Todas as quebras de coluna recebem a classe <code>column-break</code></li>|||</ol>||||||<h4>Exemplos</h4>||||||<p>1. Alinhar inteiros à esquerda</p>||||||<pre><code>[data-fieldtype=""Int""] .value { text-align: left; }</code></pre>||||||<p>1. Adicione borda às seções, exceto a última seção</p>||||||<pre><code>.section-break { padding: 30px 0px; borda inferior: 1px sólido #eee; }|||.section-break:last-child { padding-bottom: 0px; borda inferior: 0px;  }</code></pre>|||"
"<h3>Print Format Help</h3>|||<hr>|||<h4>Introduction</h4>|||<p>Print Formats are rendered on the server side using the Jinja Templating Language. All forms have access to the <code>doc</code> object which contains information about the document that is being formatted. You can also access common utilities via the <code>frappe</code> module.</p>|||<p>For styling, the Boostrap CSS framework is provided and you can enjoy the full range of classes.</p>|||<hr>|||<h4>References</h4>|||<ol>|||	<li><a href=""http://jinja.pocoo.org/docs/templates/"" target=""_blank"">Jinja Templating Language</a></li>|||	<li><a href=""http://getbootstrap.com"" target=""_blank"">Bootstrap CSS Framework</a></li>|||</ol>|||<hr>|||<h4>Example</h4>|||<pre><code>&lt;h3&gt;{{ doc.select_print_heading or ""Invoice"" }}&lt;/h3&gt;|||&lt;div class=""row""&gt;|||	&lt;div class=""col-md-3 text-right""&gt;Customer Name&lt;/div&gt;|||	&lt;div class=""col-md-9""&gt;{{ doc.customer_name }}&lt;/div&gt;|||&lt;/div&gt;|||&lt;div class=""row""&gt;|||	&lt;div class=""col-md-3 text-right""&gt;Date&lt;/div&gt;|||	&lt;div class=""col-md-9""&gt;{{ doc.get_formatted(""invoice_date"") }}&lt;/div&gt;|||&lt;/div&gt;|||&lt;table class=""table table-bordered""&gt;|||	&lt;tbody&gt;|||		&lt;tr&gt;|||			&lt;th&gt;Sr&lt;/th&gt;|||			&lt;th&gt;Item Name&lt;/th&gt;|||			&lt;th&gt;Description&lt;/th&gt;|||			&lt;th class=""text-right""&gt;Qty&lt;/th&gt;|||			&lt;th class=""text-right""&gt;Rate&lt;/th&gt;|||			&lt;th class=""text-right""&gt;Amount&lt;/th&gt;|||		&lt;/tr&gt;|||		{%- for row in doc.items -%}|||		&lt;tr&gt;|||			&lt;td style=""width: 3%;""&gt;{{ row.idx }}&lt;/td&gt;|||			&lt;td style=""width: 20%;""&gt;|||				{{ row.item_name }}|||				{% if row.item_code != row.item_name -%}|||				&lt;br&gt;Item Code: {{ row.item_code}}|||				{%- endif %}|||			&lt;/td&gt;|||			&lt;td style=""width: 37%;""&gt;|||				&lt;div style=""border: 0px;""&gt;{{ row.description }}&lt;/div&gt;&lt;/td&gt;|||			&lt;td style=""width: 10%; text-align: right;""&gt;{{ row.qty }} {{ row.uom or row.stock_uom }}&lt;/td&gt;|||			&lt;td style=""width: 15%; text-align: right;""&gt;{{|||				row.get_formatted(""rate"", doc) }}&lt;/td&gt;|||			&lt;td style=""width: 15%; text-align: right;""&gt;{{|||				row.get_formatted(""amount"", doc) }}&lt;/td&gt;|||		&lt;/tr&gt;|||		{%- endfor -%}|||	&lt;/tbody&gt;|||&lt;/table&gt;</code></pre>|||<hr>|||<h4>Common Functions</h4>|||<table class=""table table-bordered"">|||	<tbody>|||		<tr>|||			<td style=""width: 30%;""><code>doc.get_formatted(""[fieldname]"", [parent_doc])</code></td>|||			<td>Get document value formatted as Date, Currency, etc. Pass parent <code>doc</code> for currency type fields.</td>|||		</tr>|||		<tr>|||			<td style=""width: 30%;""><code>frappe.db.get_value(""[doctype]"", ""[name]"", ""fieldname"")</code></td>|||			<td>Get value from another document.</td>|||		</tr>|||	</tbody>|||</table>|||","<h3>Ajuda sobre formatos de impressão</h3>|||<hr>|||<h4>Introdução</h4>|||<p>Os formatos de impressão são renderizados no lado do servidor usando a Jinja Templating Language. Todos os formulários têm acesso ao objeto <code>doc</code> que contém informações sobre o documento que está sendo formatado. Você também pode acessar utilitários comuns através do módulo <code>frappe</code>.</p>|||<p>Para estilização, a estrutura Boostrap CSS é fornecida e você pode aproveitar toda a gama de classes.</p>|||<hr>|||<h4>Referências</h4>|||<ol>|||	<li><a href=""http://jinja.pocoo.org/docs/templates/"" target=""_blank"">Linguagem de modelagem Jinja</a></li>|||	<li><a href=""http://getbootstrap.com"" target=""_blank"">Estrutura CSS Bootstrap</a></li>|||</ol>|||<hr>|||<h4>Exemplo</h4>|||<pre><code>&lt;h3&gt;{{ doc.select_print_heading ou ""Invoice"" }}&lt;/h3&gt;|||&lt;div class=""linha""&gt;|||	&lt;div class=""col-md-3 text-right""&gt;Nome do cliente&lt;/div&gt;|||	&lt;div class=""col-md-9""&gt;{{ doc.customer_name }}&lt;/div&gt;|||&lt;/div&gt;|||&lt;div class=""row""&gt;|||	&lt;div class=""col-md-3 text-right""&gt;Data&lt;/div&gt;|||	&lt;div class=""col-md-9""&gt;{{ doc.get_formatted(""invoice_date"") }}&lt;/div&gt;|||&lt;/div&gt;|||&lt;table class=""table table-bordered""&gt;|||	&lt;corpo&gt;|||		&lt;tr&gt;|||			&lt;th&gt;Sr&lt;/th&gt;|||			&lt;th&gt;Nome do item&lt;/th&gt;|||			&lt;th&gt;Descrição&lt;/th&gt;|||			&lt;th class=""text-right""&gt;Qtd&lt;/th&gt;|||			&lt;th class=""text-right""&gt;Avaliação&lt;/th&gt;|||			&lt;th class=""text-right""&gt;Valor&lt;/th&gt;|||		&lt;/tr&gt;|||		{%- para linha em doc.items -%}|||		&lt;tr&gt;|||			&lt;td style=""largura: 3%;""&gt;{{ row.idx }}&lt;/td&gt;|||			&lt;td style=""largura: 20%;""&gt;|||				{{ row.item_name }}|||				{% if row.item_code != row.item_name -%}|||				&lt;br&gt;Código do item: {{ row.item_code}}|||				{%-endif %}|||			&lt;/td&gt;|||			&lt;td style=""largura: 37%;""&gt;|||				&lt;div style=""border: 0px;""&gt;{{ row.description }}&lt;/div&gt;&lt;/td&gt;|||			&lt;td style=""largura: 10%; text-align: right;""&gt;{{ row.qty }} {{ row.uom ou row.stock_uom }}&lt;/td&gt;|||			&lt;td style=""largura: 15%; alinhamento de texto: direita;""&gt;{{|||				row.get_formatted(""taxa"", doc) }}&lt;/td&gt;|||			&lt;td style=""largura: 15%; alinhamento de texto: direita;""&gt;{{|||				row.get_formatted(""quantia"", doc) }}&lt;/td&gt;|||		&lt;/tr&gt;|||		{%-endfor -%}|||	&lt;/tbody&gt;|||&lt;/table&gt;</code></pre>|||<hr>|||<h4>Funções comuns</h4>|||<table class=""table table-bordered"">|||	<corpo>|||		<tr>|||			<td style=""largura: 30%;""><code>doc.get_formatted(""[nomedocampo]"", [parent_doc])</code></td>|||			<td>Obtenha o valor do documento formatado como Data, Moeda, etc. Passe o pai <code>doc</code> para campos de tipo de moeda.</td>|||		</tr>|||		<tr>|||			<td style=""largura: 30%;""><code>frappe.db.get_value(""[doctype]"", ""[nome]"", ""nome do campo"")</code></td>|||			<td>Obter valor de outro documento.</td>|||		</tr>|||	</tbody>|||</table>|||"
"<h4>Default Template</h4>|||<p>Uses <a href=""http://jinja.pocoo.org/docs/templates/"">Jinja Templating</a> and all the fields of Address (including Custom Fields if any) will be available</p>|||<pre><code>{{ address_line1 }}&lt;br&gt;|||{% if address_line2 %}{{ address_line2 }}&lt;br&gt;{% endif -%}|||{{ city }}&lt;br&gt;|||{% if state %}{{ state }}&lt;br&gt;{% endif -%}|||{% if pincode %} PIN:  {{ pincode }}&lt;br&gt;{% endif -%}|||{{ country }}&lt;br&gt;|||{% if phone %}Phone: {{ phone }}&lt;br&gt;{% endif -%}|||{% if fax %}Fax: {{ fax }}&lt;br&gt;{% endif -%}|||{% if email_id %}Email: {{ email_id }}&lt;br&gt;{% endif -%}|||</code></pre>","<h4>Modelo padrão</h4>|||<p>Usa <a href=""http://jinja.pocoo.org/docs/templates/"">Modelo Jinja</a> e todos os campos de endereço (incluindo campos personalizados, se houver) estarão disponíveis</p>|||<pre><code>{{ address_line1 }}&lt;br&gt;|||{% if address_line2 %}{{ address_line2 }}&lt;br&gt;{% endif -%}|||{{ cidade }}&lt;br&gt;|||{% if state %}{{ state }}&lt;br&gt;{% endif -%}|||{% if pincode %} PIN: {{ pincode }}&lt;br&gt;{% endif -%}|||{{ país }}&lt;br&gt;|||{% if phone %}Telefone: {{ phone }}&lt;br&gt;{% endif -%}|||{% if fax %}Fax: {{ fax }}&lt;br&gt;{% endif -%}|||{% if email_id %}Email: {{ email_id }}&lt;br&gt;{% endif -%}|||</code></pre>"
"<h4>Email Reply Example</h4>||||||<pre>Order Overdue||||||Transaction {{ name }} has exceeded Due Date. Please take necessary action.||||||Details||||||- Customer: {{ customer }}|||- Amount: {{ grand_total }}|||</pre>||||||<h4>How to get fieldnames</h4>||||||<p>The fieldnames you can use in your email template are the fields in the document from which you are sending the email. You can find out the fields of any documents via Setup &gt; Customize Form View and selecting the document type (e.g. Sales Invoice)</p>||||||<h4>Templating</h4>||||||<p>Templates are compiled using the Jinja Templating Language. To learn more about Jinja, <a class=""strong"" href=""http://jinja.pocoo.org/docs/dev/templates/"">read this documentation.</a></p>|||","<h4>Exemplo de resposta de Email</h4>||||||<pre>Pedido vencido||||||A transação {{ name }} excedeu a data de vencimento. Por favor, tome as medidas necessárias.||||||Detalhes||||||- Cliente: {{ cliente }}|||- Valor: {{ grand_total }}|||</pre>||||||<h4>Como obter nomes de campo</h4>|||||<p>Os nomes de campo que você pode usar em seu modelo de Email são os campos no documento do qual você está enviando o Email. Você pode descobrir os campos de qualquer documento em Configuração &gt; Personalize a visualização do formulário e selecione o tipo de documento (por exemplo, fatura de vendas)</p>||||||<h4>Modelos</h4>||||||<p>Os modelos são compilados usando a linguagem de modelos Jinja. Para saber mais sobre o Jinja, <a class=""strong"" href=""http://jinja.pocoo.org/docs/dev/templates/"">leia esta documentação.</a></p>|||"
"<h5 class=""text-muted uppercase"">Or</h5>","<h5 class=""text-muted uppercase"">Ou</h5>"
<h5>Message Example</h5>||||||<pre>&lt;h3&gt;Order Overdue&lt;/h3&gt;||||||&lt;p&gt;Transaction {{ doc.name }} has exceeded Due Date. Please take necessary action.&lt;/p&gt;||||||&lt;!-- show last comment --&gt;|||{% if comments %}|||Last comment: {{ comments[-1].comment }} by {{ comments[-1].by }}|||{% endif %}||||||&lt;h4&gt;Details&lt;/h4&gt;||||||&lt;ul&gt;|||&lt;li&gt;Customer: {{ doc.customer }}|||&lt;li&gt;Amount: {{ doc.grand_total }}|||&lt;/ul&gt;|||</pre>,"<h5>Exemplo de mensagem</h5>||||||<pre>&lt;h3&gt;Pedido vencido&lt;/h3&gt;||||||&lt;p&gt;A transação {{ doc.name }} excedeu a data de vencimento. Por favor, tome as medidas necessárias.&lt;/p&gt;||||||&lt;!-- mostrar último comentário --&gt;|||{% if comments %}|||Último comentário: {{ comments[-1].comment }} por {{ comments[-1].by }}|||{% endif %}||||||&lt;h4&gt;Detalhes&lt;/h4&gt;||||||&lt;ul&gt;|||&lt;li&gt;Cliente: {{ doc.customer }}|||&lt;li&gt;Valor: {{ doc.grand_total }}|||&lt;/ul&gt;|||</pre>"
"<p><strong>Condition Examples:</strong></p>|||<pre><code class=""language-python"">doc.status==""Open""<br>doc.due_date==nowdate()<br>doc.total &gt; 40000|||</code></pre>|||","<p><strong>Exemplos de condições:</strong></p>|||<pre><code class=""language-python"">doc.status==""Open""<br>doc.due_date==nowdate()<br>doc.total &gt; 40000|||</code></pre>|||"
"<p><strong>Condition Examples:</strong></p>|||<pre>doc.status==""Open""<br>doc.due_date==nowdate()<br>doc.total &gt; 40000|||</pre>","<p><strong>Exemplos de condições:</strong></p>|||<pre>doc.status==""Open""<br>doc.due_date==nowdate()<br>doc.total &gt; 40000|||</pré>"
<p>Multiple webforms can be created for a single doctype. Add filters specific to this webform to display correct record after submission.</p><p>For Example:</p>|||<p>If you create a separate webform every year to capture feedback from employees add a ||| field named year in doctype and add a filter <b>year = 2023</b></p>|||,"<p>Vários webforms podem ser criados para um único tipo de documento. Adicione filtros específicos a este formulário web para exibir o registro correto após o envio.</p><p>Por exemplo:</p>|||<p>Se você criar um formulário web separado a cada ano para capturar feedback dos funcionários, adicione um ||| campo chamado ano em doctype e adicione um filtro <b>ano = 2023</b></p>|||"
"<p>Set context before rendering a template. Example:</p><p>|||</p><div><pre><code>|||context.project = frappe.get_doc(""Project"", frappe.form_dict.name)|||</code></pre></div>","<p>Defina o contexto antes de renderizar um modelo. Exemplo:</p><p>|||</p><div><pre><code>|||context.project = frappe.get_doc(""Projeto"", frappe.form_dict.name)|||</code></pre></div>"
"<p>To interact with above HTML you will have to use `root_element` as a parent selector.</p><p>For example:</p><pre class=""p-3 bg-gray-100 border-radius rounded-sm mb-0"" style=""width: fit-content;""><code>// here root_element is provided by default|||let some_class_element = root_element.querySelector('.some-class');|||some_class_element.textContent = ""New content"";|||</code></pre>","<p>Para interagir com o HTML acima, você terá que usar `root_element` como seletor pai.</p><p>Por exemplo:</p><pre class=""p-3 bg-gray-100 border-radius round-sm mb-0"" style=""width: fit-content;""><code>// aqui root_element é fornecido por padrão|||let some_class_element = root_element.querySelector('.some-class');|||some_class_element.textContent = ""Novo conteúdo"";|||</code></pre>"
"<p>Your OTP secret on {0} has been reset. If you did not perform this reset and did not request it, please contact your System Administrator immediately.</p>","<p>Seu segredo OTP em {0} foi redefinido. Se você não executou essa redefinição e não a solicitou, entre em contato com o administrador do sistema imediatamente.</p>"
<pre>*  *  *  *  *|||‚î¨  ‚î¨  ‚î¨  ‚î¨  ‚î¨|||‚îÇ  ‚îÇ  ‚îÇ  ‚îÇ  ‚îÇ|||‚îÇ  ‚îÇ  ‚îÇ  ‚îÇ  ‚îî day of week (0 - 6) (0 is Sunday)|||‚îÇ  ‚îÇ  ‚îÇ  ‚îî‚îÄ‚îÄ‚îÄ‚îÄ‚îÄ month (1 - 12)|||‚îÇ  ‚îÇ  ‚îî‚îÄ‚îÄ‚îÄ‚îÄ‚îÄ‚îÄ‚îÄ‚îÄ‚îÄ‚îÄ day of month (1 - 31)|||‚îÇ  ‚îî‚îÄ‚îÄ‚îÄ‚îÄ‚îÄ‚îÄ‚îÄ‚îÄ‚îÄ‚îÄ‚îÄ‚îÄ‚îÄ‚îÄ‚îÄ hour (0 - 23)|||‚îî‚îÄ‚îÄ‚îÄ‚îÄ‚îÄ‚îÄ‚îÄ‚îÄ‚îÄ‚îÄ‚îÄ‚îÄ‚îÄ‚îÄ‚îÄ‚îÄ‚îÄ‚îÄ‚îÄ‚îÄ minute (0 - 59)||||||---||||||* - Any value|||/ - Step values|||</pre>|||,<pré>* * * * *|||‚î¨ ‚î¨ ‚î¨ ‚î¨ ‚î¨|||‚îÇ ‚îÇ ‚îÇ ‚îÇ ‚îÇ|||‚îÇ ‚îÇ ‚îÇ ‚îÇ ‚îî dia da semana (0 - 6) (0 é domingo)|||‚îÇ ‚îÇ ‚îÇ ‚îî‚îÄ‚îÄ‚îÄ‚îÄ‚îÄ mês (1 - 12)|||‚îÇ ‚îÇ dia do mês (1 - 31) hora (0 - 23)|||‚îî‚îä‚îä‚îÄ‚îÄ‚îÄ‚îÄ‚îÄ‚îÄ‚îÄ‚îÄ‚îÄ‚î‚îÄ‚îÄ minutos (0 - 59)||||||---||||||* - Qualquer valor|||/ - Valores da etapa|||</pre>|||
"<pre><code>doc.grand_total &gt; 0</code></pre>||||||<p>Conditions should be written in simple Python. Please use properties available in the form only.</p>|||<p>Allowed functions:|||</p><ul>|||<li>frappe.db.get_value</li>|||<li>frappe.db.get_list</li>|||<li>frappe.session</li>|||<li>frappe.utils.now_datetime</li>|||<li>frappe.utils.get_datetime</li>|||<li>frappe.utils.add_to_date</li>|||<li>frappe.utils.now</li>|||</ul>|||<p>Example: </p><pre><code>doc.creation &gt; frappe.utils.add_to_date(frappe.utils.now_datetime(), days=-5, as_string=True, as_datetime=True) </code></pre><p></p>","<pre><code>doc.grand_total &gt; 0</code></pre>||||||<p>As condições devem ser escritas em Python simples. Use propriedades disponíveis apenas no formulário.</p>|||<p>Permitido funções:|||</p><ul>|||<li>frappe.db.get_value</li>|||<li>frappe.db.get_list</li>|||<li>frappe.session</li>|||<li>frappe.utils.now_da tetime</li>|||<li>frappe.utils.get_datetime</li>|||<li>frappe.utils.add_to_date</li>|||<li>frappe.utils.now</li>|||</ul>|||<p>Exemplo: </p><pre><code>doc.creation&gt; frappe.utils.add_to_date(frappe.utils.now_datetime(), dias=-5, as_string=True, as_datetime=True) </code></pre><p></p>"
<strong>Warning:</strong> This field is system generated and may be overwritten by a future update. Modify it using {0} instead.,<strong>Aviso:</strong> Este campo é gerado pelo sistema e pode ser substituído por uma atualização futura. Modifique-o usando {0}.
"A DocType's name should start with a letter and can only consist of letters, numbers, spaces, underscores and hyphens","O nome de um DocType deve começar com uma letra e só pode consistir em letras, números, espaços, sublinhados e hífens"
"A Frappe Framework instance can function as an OAuth Client, Resource, or Authorization server. This DocType contains settings related to all three.","Uma instância do Frappe Framework pode funcionar como um cliente, recurso ou servidor de autorização OAuth. Este DocType contém configurações relacionadas a todos os três."
A field with the name {0} already exists in {1},Já existe um campo com o nome {0} em {1}
A file with same name {} already exists,Já existe um arquivo com o mesmo nome {}
A new account has been created for you at {0},Uma nova conta foi criada para você em {0}
A recurring {0} {1} has been created for you via Auto Repeat {2}.,Um {0} {1} recorrente foi criado para você por meio da repetição automática {2}.
A template already exists for field {0} of {1},Já existe um modelo para o campo {0} de {1}
A version identifier string for the client software.|||<br>|||The value of the should change on any update of the client software with the same Software ID.,Uma string de identificador de versão para o software cliente.|||<br>|||O valor de deve mudar em qualquer atualização do software cliente com o mesmo ID de software.
A word by itself is easy to guess.,Uma palavra por si só é fácil de adivinhar.
A0,A0
A1,A1
A2,A2
A3,A3
A4,A4
A5,A5
A6,A6
A7,A7
A8,A8
A9,A9
API,API
API Endpoint Args should be valid JSON,API Endpoint Args deve ser JSON válido
API Keys,Chaves de API
API Logging,Registro de API
API Request Log,Registro de solicitação de API
About,Sobre
About Us,Sobre nós
About Us Settings,Sobre nós Configurações
About Us Team Member,Sobre nós Membro da equipe
About {0} minute remaining,Cerca de {0} minutos restantes
About {0} minutes remaining,Cerca de {0} minutos restantes
About {0} seconds remaining,Cerca de {0} segundos restantes
Access Control,Controle de acesso
Access Log,Registro de acesso
Access Token,Token de acesso
Access Token URL,URL do token de acesso
Access not allowed from this IP Address,Acesso não permitido a partir deste endereço IP
Account,Conta
Accounts Manager,Gerente de contas
Accounts User,Usuário de contas
"Accurate count can not be fetched, click here to view all documents","A contagem precisa não pode ser obtida, clique aqui para ver todos os documentos"
Action,Ação
Action Complete,Ação concluída
Action Failed,Falha na ação
Action Type,Tipo de ação
Action {0} completed successfully on {1} {2}. View it {3},Ação {0} concluída com êxito em {1} {2}. Veja {3}
Action {0} failed on {1} {2}. View it {3},A ação {0} falhou em {1} {2}. Veja {3}
Actions,Ações
Activate,Ativar
Active,Ativo
Active Sessions,Sessões ativas
Activity,Atividade
Activity Log,Registro de atividades
Add,Adicionar
Add / Remove Columns,Adicionar/remover colunas
Add / Update,Adicionar/Atualizar
Add A New Rule,Adicionar uma nova regra
Add Attachment,Adicionar anexo
Add CSS,Adicionar CSS
Add Card to Dashboard,Adicionar cartão ao painel
Add Chart to Dashboard,Adicionar gráfico ao painel
Add Child,Adicionar filho
Add Contact,Adicionar contato
Add Contacts,Adicionar contatos
Add Custom Tags,Adicionar tags personalizadas
Add Filters,Adicionar filtros
Add Group,Adicionar grupo
Add Indexes,Adicionar índices
Add New,Adicionar novo
Add New Permission Rule,Adicionar nova regra de permissão
Add Participants,Adicionar participantes
Add Reply-To header,Adicionar cabeçalho Responder para
Add Roles,Adicionar funções
Add Signature,Adicionar assinatura
Add Space at Bottom,Adicionar espaço na parte inferior
Add Subscribers,Adicionar assinantes
Add Tags,Adicionar tags
Add Template,Adicionar modelo
Add User Permissions,Adicionar permissões de usuário
Add Video Conferencing,Adicionar videoconferência
Add X-Original-From header,Adicionar cabeçalho X-Original-From
Add a Filter,Adicionar um filtro
Add a New Role,Adicionar uma nova função
Add a Row,Adicionar uma linha
Add a comment,Adicione um comentário
Add a new section,Adicionar uma nova seção
Add a row above the current row,Adicione uma linha acima da linha atual
Add a row at the bottom,Adicione uma linha na parte inferior
Add a row at the top,Adicione uma linha no topo
Add a row below the current row,Adicione uma linha abaixo da linha atual
Add a {0} Chart,Adicionar um gráfico {0}
Add column,Adicionar coluna
Add field,Adicionar campo
Add multiple,Adicionar vários
Add new tab,Adicionar nova guia
Add numbers or special characters.,Adicione números ou caracteres especiais.
Add page break,Adicionar quebra de página
Add row,Adicionar linha
Add script for Child Table,Adicionar script para tabela filho
Add section above,Adicionar seção acima
Add section below,Adicionar seção abaixo
Add tab,Adicionar guia
Add to Dashboard,Adicionar ao painel
Add to Desktop,Adicionar à área de trabalho
Add to ToDo,Adicionar à tarefa
Add to table,Adicionar à tabela
Add to this activity by mailing to {0},Adicione a esta atividade enviando um Email para {0}
Add {0},Adicionar {0}
Add/Update Filter,Adicionar/atualizar filtro
Added,Adicionado
"Added HTML in the &lt;head&gt; section of the web page, primarily used for website verification and SEO","Adicionado HTML na seção &lt;head&gt; seção da página da web, usada principalmente para verificação de sites e SEO"
Added default log doctypes: {},Foram adicionados documentos de registro padrão: {}
Added {0} ({1}),Adicionado {0} ({1})
Address,Endereço
Address And Contacts,Endereço e contatos
Address Line 1,Endereço Linha 1
Address Line 2,Linha de endereço 2
Address Template,Modelo de endereço
Address Title is mandatory.,O título do endereço é obrigatório.
Address Type,Tipo de endereço
Addresses,Endereços
Addresses And Contacts,Endereços e contatos
Addresses added here will be used as the Reply-To header for outgoing emails sent from this account.,Os endereços adicionados aqui serão usados ​​como cabeçalho Responder para Emails enviados desta conta.
"Adds a clear (√ó) button to Link fields, allowing users to quickly remove the selected value.","Adiciona um botão limpar (√ó) aos campos de link, permitindo que os usuários removam rapidamente o valor selecionado."
Adds a custom client script to a DocType,Adiciona um script de cliente personalizado a um DocType
Adds a custom field to a DocType,Adiciona um campo personalizado a um DocType
Administration,Administração
Administrator,Administrador
Administrator Logged In,Administrador conectado
Administrator accessed {0} on {1} via IP Address {2}.,O administrador acessou {0} em {1} através do endereço IP {2}.
Administrator can't follow,O administrador não consegue seguir
Advanced,Avançado
Advanced Control,Controle Avançado
Advanced Search,Pesquisa Avançada
After,Depois
After Discard,Depois de descartar
Aggregate Field is required to create a number card,O campo agregado é obrigatório para criar um cartão numérico
Aggregate Function field is required to create a dashboard chart,O campo Função agregada é obrigatório para criar um gráfico de painel
Alias must be a string,O alias deve ser uma string
Align Value,Alinhar valor
Alignment,Alinhamento
All,Todos
All Day,O dia todo
All Images attached to Website Slideshow should be public,Todas as imagens anexadas à apresentação de slides do site devem ser públicas
All Records,Todos os registros
All Results,Todos os resultados
All Submissions,Todos os envios
All customizations will be removed. Please confirm.,Todas as personalizações serão removidas. Por favor confirme.
All fields are necessary to submit the comment.,Todos os campos são necessários para enviar o comentário.
All-uppercase is almost as easy to guess as all-lowercase.,Todas as letras maiúsculas são quase tão fáceis de adivinhar quanto todas as letras minúsculas.
Allow,Permitir
Allow API Indexing Access,Permitir acesso à indexação de API
Allow Bulk Editing,Permitir edição em massa
Allow Clearing Link Fields,Permitir limpeza de campos de link
Allow Google Calendar Access,Permitir acesso ao Google Agenda
Allow Google Contacts Access,Permitir acesso aos Contatos do Google
Allow Guests to Upload Files,Permitir que convidados façam upload de arquivos
Allow Import (via Data Import Tool),Permitir importação (por meio da ferramenta de importação de dados)
Allow Login After Fail,Permitir login após falha
Allow Login using Mobile Number,Permitir login usando número de celular
Allow Print for Draft,Permitir impressão para rascunho
Allow Sending Usage Data for Improving Applications,Permitir o envio de dados de uso para melhorar aplicativos
Allow comments,Permitir comentários
Allow delete,Permitir exclusão
Allow document creation via Email,Permitir criação de documentos via Email
Allow editing after submit,Permitir edição após envio
Allow editing even if the doctype has a workflow set up.||||||Does nothing if a workflow isn't set up.,Permitir edição mesmo que o tipo de documento tenha um fluxo de trabalho configurado.||||||Não faz nada se um fluxo de trabalho não estiver configurado.
Allow incomplete forms,Permitir formulários incompletos
Allow multiple responses,Permitir múltiplas respostas
Allow page break inside tables,Permitir quebra de página dentro de tabelas
Allow print,Permitir impressão
Allow sending usage data for improving applications,Permitir o envio de dados de uso para melhoria de aplicativos
Allow user to login only after this hour (0-24),Permitir que o usuário faça login somente após este horário (0-24)
Allow user to login only before this hour (0-24),Permitir que o usuário faça login somente antes deste horário (0-24)
"Allow users to log in without a password, using a login link sent to their email","Permitir que os usuários façam login sem senha, usando um link de login enviado para seu Email"
Allowed File Extensions,Extensões de arquivo permitidas
Allowed Modules,Módulos permitidos
Allowed Public Client Origins,Origens de clientes públicos permitidas
Allowed Roles,Funções permitidas
Allowed embedding domains,Domínios de incorporação permitidos
"Allowing DocType, DocType. Be careful!","Permitindo DocType, DocType. Tome cuidado!"
"Allows clients to fetch metadata from the <code>/.well-known/oauth-authorization-server</code> endpoint. Reference: <a href=""https://datatracker.ietf.org/doc/html/rfc8414"">RFC8414</a>","Permite que os clientes busquem metadados do endpoint <code>/.well-known/oauth-authorization-server</code>. Referência: <a href=""https://datatracker.ietf.org/doc/html/rfc8414"">RFC8414</a>"
"Allows clients to fetch metadata from the <code>/.well-known/oauth-protected-resource</code> endpoint. Reference: <a href=""https://datatracker.ietf.org/doc/html/rfc9728#name-protected-resource-metadata"">RFC9728</a>","Permite que os clientes busquem metadados do endpoint <code>/.well-known/oauth-protected-resource</code>. Referência: <a href=""https://datatracker.ietf.org/doc/html/rfc9728#name-protected-resource-metadata"">RFC9728</a>"
"Allows clients to register themselves without manual intervention. Registration creates a <b>OAuth Client</b> entry. Reference: <a href=""https://datatracker.ietf.org/doc/html/rfc7591"">RFC7591</a>","Permite que os clientes se registrem sem intervenção manual. O registro cria uma entrada de <b>Cliente OAuth</b>. Referência: <a href=""https://datatracker.ietf.org/doc/html/rfc7591"">RFC7591</a>"
Allows clients to view this as an Authorization Server when querying the <code>/.well-known/oauth-protected-resource</code> end point.,Permite que os clientes vejam isso como um servidor de autorização ao consultar o ponto final <code>/.well-known/oauth-protected-resource</code>.
Allows enabled Social Login Key Base URL to be shown as authorization server.,Permite que o URL base da chave de login social habilitado seja mostrado como servidor de autorização.
Allows printing or PDF download of documents.,Permite impressão ou download de documentos em PDF.
Allows sharing document access with other users.,Permite compartilhar o acesso aos documentos com outros usuários.
Allows skipping authorization if a user has active tokens.,Permite ignorar a autorização se um usuário tiver tokens ativos.
Allows the user to access reports related to the document.,Permite ao usuário acessar relatórios relacionados ao documento.
Allows the user to create new documents.,Permite ao usuário criar novos documentos.
Allows the user to delete documents.,Permite ao usuário excluir documentos.
Allows the user to edit existing records they have access to.,Permite ao usuário editar registros existentes aos quais tem acesso.
Allows the user to email from the document.,Permite que o usuário envie Email a partir do documento.
Allows the user to export data from the Report view.,Permite ao usuário exportar dados da visualização Relatório.
Allows the user to search and see records.,Permite ao usuário pesquisar e ver registros.
Allows the user to use Data Import tool to create / update records.,Permite ao usuário utilizar a ferramenta Importação de Dados para criar/atualizar registros.
Allows the user to view the document.,Permite ao usuário visualizar o documento.
Allows users to enable the mask property for any field of the respective doctype.,Permite que os usuários habilitem a propriedade máscara para qualquer campo do respectivo tipo de documento.
Already Registered,Já registrado
Already amended as {0},Já alterado como {0}
Already in the following Users ToDo list:{0},Já está na seguinte lista de tarefas pendentes dos usuários:{0}
Also adding the dependent currency field {0},Adicionando também o campo de moeda dependente {0}
Also adding the status dependency field {0},Adicionando também o campo de dependência de status {0}
Alternative Email ID,ID de Email alternativo
Always,Sempre
Always BCC Address,Sempre endereço CCO
Always use this email address as sender address,Sempre use este endereço de Email como endereço do remetente
Always use this name as sender name,Sempre use este nome como nome do remetente
Amend Counter,Alterar contador
Amended Document Naming Settings,Configurações alteradas de nomenclatura de documentos
Amended Documents,Documentos Alterados
Amended From,Alterado de
Amending,Alterando
Amendment Naming Override,Substituição de nomenclatura de alteração
Amendment Not Allowed,Emenda não permitida
Amendment naming rules updated.,Regras de nomenclatura de alterações atualizadas.
An error occurred while setting Session Defaults,Ocorreu um erro ao definir os padrões de sessão
An icon file with .ico extension. Should be 16 x 16 px. Generated using a favicon generator. [favicon-generator.org],Um arquivo de ícone com extensão .ico. Deve ter 16 x 16 pixels. Gerado usando um gerador de favicon. [favicon-generator.org]
An unexpected error occurred while authorizing {}.,Ocorreu um erro inesperado ao autorizar {}.
Ancestors Of,Ancestrais de
Announcement Widget,Widget de anúncio
Announcements,Anúncios
Annual,Anual
Anonymization Matrix,Matriz de Anonimização
Anonymous responses,Respostas anônimas
Another transaction is blocking this one. Please try again in a few seconds.,Outra transação está bloqueando esta. Tente novamente em alguns segundos.
"Another {0} with name {1} exists, select another name","Existe outro {0} com o nome {1}, selecione outro nome"
Any string-based printer languages can be used. Writing raw commands requires knowledge of the printer's native language provided by the printer manufacturer. Please refer to the developer manual provided by the printer manufacturer on how to write their native commands. These commands are rendered on the server side using the Jinja Templating Language.,Qualquer linguagem de impressora baseada em string pode ser usada. Escrever comandos brutos requer conhecimento da linguagem nativa da impressora fornecida pelo fabricante da impressora. Consulte o manual do desenvolvedor fornecido pelo fabricante da impressora sobre como escrever seus comandos nativos. Esses comandos são renderizados no lado do servidor usando a Jinja Templating Language.
"Apart from System Manager, roles with Set User Permissions right can set permissions for other users for that Document Type.","Além do Gerenciador do sistema, as funções com direito Definir permissões do usuário podem definir permissões para outros usuários para esse tipo de documento."
App ID,ID do aplicativo
App Logo,Logotipo do aplicativo
App Name,Nome do aplicativo
App Name (Client Name),Nome do aplicativo (nome do cliente)
App not found for module: {0},Aplicativo não encontrado para o módulo: {0}
App {0} is not installed,O aplicativo {0} não está instalado
Append Emails to Sent Folder,Anexar Emails à pasta enviada
Append To can be one of {0},Anexar a pode ser um de {0}
"Append as communication against this DocType (must have fields: ""Sender"" and ""Subject""). These fields can be defined in the email settings section of the appended doctype.","Anexar como comunicação a este DocType (deve ter os campos: ""Remetente"" e ""Assunto""). Esses campos podem ser definidos na seção de configurações de Email do tipo de documento anexado."
Applicable Document Types,Tipos de documentos aplicáveis
Applicable For,Aplicável para
Application is not installed,O aplicativo não está instalado
Applies To (DocType),Aplica-se a (DocType)
Apply,Aplicar
Apply Assignment Rule,Aplicar regra de atribuição
Apply Filters,Aplicar filtros
Apply Module Export Filter,Aplicar filtro de exportação de módulo
Apply To,Aplicar para
Apply To All Document Types,Aplicar a todos os tipos de documentos
Apply User Permission On,Aplicar permissão do usuário ativado
Apply document permissions,Aplicar permissões de documento
Apply to all Documents Types,Aplicar a todos os tipos de documentos
Applying: {0},Candidatura: {0}
Approval Required,Aprovação necessária
Apps,Aplicativos
Ar,Ar
Archive,Arquivo
Archived,Arquivado
Archived Columns,Colunas Arquivadas
Are you sure you want to cancel the invitation?,Tem certeza de que deseja cancelar o convite?
Are you sure you want to clear the assignments?,Tem certeza de que deseja limpar as tarefas?
Are you sure you want to delete all {0} rows?,Tem certeza de que deseja excluir todas as {0} linhas?
Are you sure you want to delete the attachment?,Tem certeza de que deseja excluir o anexo?
Are you sure you want to delete the column? All the fields in the column will be moved to the previous column.,Tem certeza de que deseja excluir a coluna? Todos os campos da coluna serão movidos para a coluna anterior.
Are you sure you want to delete the section? All the columns along with fields in the section will be moved to the previous section.,Tem certeza de que deseja excluir a seção? Todas as colunas junto com os campos da seção serão movidas para a seção anterior.
Are you sure you want to delete the tab? All the sections along with fields in the tab will be moved to the previous tab.,Tem certeza de que deseja excluir a guia? Todas as seções junto com os campos da guia serão movidas para a guia anterior.
Are you sure you want to delete this record?,Tem certeza de que deseja excluir este registro?
Are you sure you want to discard the changes?,Tem certeza de que deseja descartar as alterações?
Are you sure you want to generate a new report?,Tem certeza de que deseja gerar um novo relatório?
Are you sure you want to log out?,Tem certeza de que deseja sair?
Are you sure you want to merge {0} with {1}?,Tem certeza de que deseja mesclar {0} com {1}?
Are you sure you want to proceed?,Tem certeza de que deseja prosseguir?
Are you sure you want to re-enable scheduler?,Tem certeza de que deseja reativar o agendador?
Are you sure you want to relink this communication to {0}?,Tem certeza de que deseja vincular novamente esta comunicação a {0}?
Are you sure you want to remove all failed jobs?,Tem certeza de que deseja remover todos os trabalhos com falha?
Are you sure you want to remove the {0} filter?,Tem certeza de que deseja remover o filtro {0}?
Are you sure you want to reset all customizations?,Tem certeza de que deseja redefinir todas as personalizações?
Are you sure you want to save this document?,Tem certeza de que deseja salvar este documento?
Are you sure you want to {0}?,Tem certeza de que deseja {0}?
Are you sure?,Tem certeza?
Arguments,Argumentos
Arial,Arial
"As a best practice, do not assign the same set of permission rule to different Roles. Instead, set multiple Roles to the same User.","Como prática recomendada, não atribua o mesmo conjunto de regras de permissão a funções diferentes. Em vez disso, defina várias funções para o mesmo usuário."
"As document sharing is disabled, please give them the required permissions before assigning.","Como o compartilhamento de documentos está desativado, conceda a eles as permissões necessárias antes de atribuir."
"As per your request, your account and data on {0} associated with email {1} has been permanently deleted","De acordo com sua solicitação, sua conta e dados em {0} associados ao Email {1} ​​foram excluídos permanentemente"
Ask,Perguntar
Assign,Atribuir
Assign To,Atribuir a
Assign To User Group,Atribuir ao grupo de usuários
Assign a user,Atribuir um usuário
"Assign one by one, in sequence","Atribua um por um, em sequência"
Assign to the one who has the least assignments,Atribuir para quem tem menos atribuições
Assign to the user set in this field,Atribuir ao usuário definido neste campo
Assigned By,Atribuído por
Assigned To,Atribuído a
Assigned To/Owner,Atribuído ao/Proprietário
Assignee,Cessionário
Assigning...,Atribuindo...
Assignment Rule,Regra de Atribuição
Assignment Rule Day,Dia da regra de atribuição
Assignment Rule User,Usuário de regra de atribuição
Assignment Rule is not allowed on document type {0},A regra de atribuição não é permitida no tipo de documento {0}
Assignment Update on {0},Atualização da tarefa em {0}
Assignment for {0} {1},Tarefa para {0} {1}
Assignment of {0} removed by {1},Atribuição de {0} removida por {1}
Assignments,Tarefas
Asynchronous,Assíncrono
At least one column is required to show in the grid.,É necessário que pelo menos uma coluna seja exibida na grade.
At least one field is required in Web Form Fields Table,Pelo menos um campo é obrigatório na tabela de campos do formulário da Web
At least one field of Parent Document Type is mandatory,Pelo menos um campo do tipo de documento pai é obrigatório
Attach Document Print,Anexar impressão de documento
Attach Files,Anexar arquivos
Attach Package,Anexar pacote
Attach a web link,Anexe um link da web
Attach files / urls and add in table.,Anexe arquivos/urls e adicione na tabela.
Attached To DocType,Anexado ao DocType
Attached To Name must be a string or an integer,Anexado ao nome deve ser uma string ou um número inteiro
Attachment Limit Reached,Limite de anexos atingido
Attachment Not Found,Anexo não encontrado
Attachment Settings,Configurações de anexo
Attachments,Anexos
Attempting Connection to QZ Tray...,Tentando conexão à bandeja QZ...
Attempting to launch QZ Tray...,Tentando iniciar o QZ Tray...
Attending,Participando
Attribution,Atribuição
Audit System Hooks,Ganchos do sistema de auditoria
Audit Trail,Trilha de auditoria
Auth URL data should be valid JSON,Os dados do URL de autenticação devem ser JSON válidos
Authenticate as Service Principal,Autenticar como entidade de serviço
Authentication,Autenticação
Authentication failed while receiving emails from Email Account: {0}.,Falha na autenticação ao receber Emails da conta de Email: {0}.
Authorization,Autorização
Authorization URI,URI de autorização
Authorization error for {}.,Erro de autorização para {}.
Authorize API Access,Autorizar acesso à API
Authors,Autores
Authors / Maintainers,Autores / Mantenedores
Auto,Auto
Auto Email Report,Relatório automático de Email
Auto Repeat,Repetição automática
Auto Repeat Day,Dia de repetição automática
Auto Repeat Day{0} {1} has been repeated.,Repetição automática O dia{0} {1} foi repetido.
Auto Repeat Document Creation Failed,Falha na criação de documento com repetição automática
Auto Repeat Schedule,Programação de repetição automática
Auto Repeat User,Usuário de repetição automática
Auto Repeat created for this document,Repetição automática criada para este documento
Auto Repeat failed for {0},Falha na repetição automática para {0}
Auto Reply,Resposta automática
Auto assignment failed: {0},Falha na atribuição automática: {0}
Auto follow documents that are assigned to you,Acompanhar automaticamente os documentos atribuídos a você
Auto follow documents that are shared with you,Acompanhar automaticamente documentos que são compartilhados com você
Auto follow documents that you Like,Acompanhe automaticamente os documentos que você gosta
Auto follow documents that you comment on,Seguir automaticamente os documentos que você comenta
Auto follow documents that you create,Acompanhar automaticamente os documentos que você cria
Auto repeat failed. Please enable auto repeat after fixing the issues.,A repetição automática falhou. Ative a repetição automática depois de corrigir os problemas.
Autocomplete,Preenchimento automático
Autoincrement,Incremento automático
Automated Message,Mensagem Automatizada
Automatic,Automático
Automatic Linking can be activated only for one Email Account.,A vinculação automática pode ser ativada apenas para uma conta de Email.
Automatic Linking can be activated only if Incoming is enabled.,A vinculação automática só poderá ser ativada se a opção Entrada estiver ativada.
Automatic sending of emails is disabled via site config.,O envio automático de Emails está desabilitado na configuração do site.
Automatically Assign Documents to Users,Atribuir documentos automaticamente aos usuários
Automatically applied a filter for recent data. You can disable this behavior from the list view settings.,Aplicou automaticamente um filtro para dados recentes. Você pode desativar esse comportamento nas configurações de exibição de lista.
Automatically delete account within (hours),Excluir conta automaticamente em (horas)
Automation,Automação
Average,Média
Average of {0},Média de {0}
Avoid dates and years that are associated with you.,Evite datas e anos associados a você.
Avoid recent years.,Evite os últimos anos.
Avoid sequences like abc or 6543 as they are easy to guess,"Evite sequências como abc ou 6543, pois são fáceis de adivinhar"
Avoid years that are associated with you.,Evite anos associados a você.
Awesome Work,Trabalho incrível
"Awesome, now try making an entry yourself","Incrível, agora tente fazer uma entrada você mesmo"
B,B
B0,B0
B1,B1
B10,B10
B2,B2
B3,B3
B4,B4
B5,B5
B6,B6
B7,B7
B8,B8
B9,B9
BCC,CCO
Back,Voltar
Back to Desk,De volta à mesa
Back to Home,Voltar para Home
Back to Login,Voltar ao login
Background Image,Imagem de fundo
Background Jobs,Trabalhos em segundo plano
Background Jobs Check,Verificação de trabalhos em segundo plano
Background Jobs Queue,Fila de trabalhos em segundo plano
Background Print (required for >25 documents),Impressão em segundo plano (necessária para >25 documentos)
Backup Encryption Key,Chave de criptografia de backup
Backup job is already queued. You will receive an email with the download link,A tarefa de backup já está na fila. Você receberá um Email com o link para download
Backups,Cópias de segurança
Backups (MB),Backups (MB)
Bad Cron Expression,Expressão de Cron ruim
Banker's Rounding,Arredondamento do banqueiro
Banker's Rounding (legacy),Arredondamento do banqueiro (legado)
Banner Image,Imagem do banner
Banner is above the Top Menu Bar.,O banner está acima da barra de menu superior.
Bar,Bar
Barcode,Código de barras
Based On,Baseado em
Basic Info,Informações básicas
Before,Antes
Before Discard,Antes de descartar
Before Print,Antes de imprimir
Before Rename,Antes de renomear
Before Validate,Antes de validar
Beginner,Novato
Beginning with,Começando com
Beta,Beta
Better add a few more letters or another word,Melhor adicionar mais algumas letras ou outra palavra
Billing Contact,Contato de faturamento
Binary Logging,Registro Binário
Bio,Biografia
Blank Template,Modelo em branco
Block Module,Módulo de bloco
Blue,Azul
Bot,Robô
Both DocType and Name required,DocType e Name são obrigatórios
Both login and password required,É necessário login e senha
Bottom Center,Centro Inferior
Bottom Left,Inferior Esquerdo
Bottom Right,Canto inferior direito
Bounced,Devolvido
Brand,Marca
Brand Logo,Logotipo da marca
Breadcrumbs,Pão ralado
Browser,Navegador
Browser not supported,Navegador não suportado
Bufferpool Size,Tamanho do bufferpool
Build {0},Construir {0}
Built on {0},Construído em {0}
Bulk Actions,Ações em massa
Bulk Delete,Exclusão em massa
Bulk Edit,Edição em massa
Bulk Edit {0},Edição em massa {0}
Bulk Operation Failed,Falha na operação em massa
Bulk Operation Successful,Operação em massa bem-sucedida
Bulk PDF Export,Exportação de PDF em massa
Bulk Update,Atualização em massa
Bulk approval only support up to 500 documents.,A aprovação em massa suporta apenas até 500 documentos.
Bulk operation is enqueued in background.,A operação em massa é enfileirada em segundo plano.
Bulk operations only support up to 500 documents.,As operações em massa suportam apenas até 500 documentos.
Bulk {0} is enqueued in background.,O volume {0} é enfileirado em segundo plano.
Button Color,Cor do botão
"By ""Naming Series"" field","Pelo campo ""Nomeando Séries"""
"By default the title is used as meta title, adding a value here will override it.","Por padrão, o título é usado como meta título, adicionar um valor aqui irá substituí-lo."
By fieldname,Por nome de campo
By script,Por roteiro
Bypass Two Factor Auth for users who login from restricted IP Address,Ignorar autenticação de dois fatores para usuários que fazem login a partir de um endereço IP restrito
C5E,C5E
CANCELLED,CANCELADO
CC,CC
CMD,DMC
COLOR PICKER,SELETOR DE CORES
CSS,CSS
CSS selector for the element you want to highlight.,Seletor CSS para o elemento que você deseja destacar.
CSV,CSV
Cache,Cache
Cache Cleared,Cache limpo
Calculate,Calcular
Calculated Discount Mismatch,Incompatibilidade de desconto calculado
Calendar,Calendário
Calendar View,Visualização de calendário
Call,Chamar
Campaign,Campanha
Campaign Description (Optional),Descrição da campanha (opcional)
Can not rename as column {0} is already present on DocType.,Não é possível renomear porque a coluna {0} já está presente no DocType.
Can only change to/from Autoincrement naming rule when there is no data in the doctype,Só é possível alterar de/para a regra de nomenclatura de incremento automático quando não há dados no tipo de documento
Can only list down the document types which has been linked to the User document type.,Só é possível listar os tipos de documentos que foram vinculados ao tipo de documento Usuário.
Can't follow since changes are not tracked.,Não é possível acompanhar porque as alterações não são rastreadas.
Can't rename {0} to {1} because {0} doesn't exist.,Não é possível renomear {0} para {1} porque {0} não existe.
Cancel All,Cancelar tudo
Cancel All Documents,Cancelar todos os documentos
Cancel Import,Cancelar importação
Cancel Prepared Report,Cancelar relatório preparado
Cancel {0} documents?,Cancelar {0} documentos?
Cancelled,Cancelado
Cancelled Document restored as Draft,Documento cancelado restaurado como rascunho
Cancelling,Cancelando
Cancelling documents,Cancelamento de documentos
Cancelling {0},Cancelando {0}
Cannot Download Report due to insufficient permissions,Não é possível baixar o relatório devido a permissões insuficientes
Cannot Fetch Values,Não é possível buscar valores
Cannot Remove,Não é possível remover
Cannot Update After Submit,Não é possível atualizar após enviar
Cannot access file path {0},Não é possível acessar o caminho do arquivo {0}
Cannot attach a folder to a document,Não é possível anexar uma pasta a um documento
Cannot cancel before submitting while transitioning from <b>{0} State</b> to <b>{1} State</b>,Não é possível cancelar antes do envio durante a transição de <b>{0} Estado</b> para <b>{1} Estado</b>
Cannot cancel before submitting. See Transition {0},Não é possível cancelar antes de enviar. Consulte Transição {0}
Cannot cancel {0}.,Não é possível cancelar {0}.
Cannot change docstatus from 0 (Draft) to 2 (Cancelled),Não é possível alterar o status do documento de 0 (rascunho) para 2 (cancelado)
Cannot change docstatus from 1 (Submitted) to 0 (Draft),Não é possível alterar o status do documento de 1 (Enviado) para 0 (Rascunho)
Cannot change state of Cancelled Document <b>({0} State)</b>,Não é possível alterar o estado do documento cancelado <b>({0} Estado)</b>
Cannot change state of Cancelled Document. Transition row {0},Não é possível alterar o estado do documento cancelado. Linha de transição {0}
Cannot change to/from autoincrement autoname in Customize Form,Não é possível alterar de/para o nome automático de incremento automático no formulário personalizado
Cannot create a {0} against a child document: {1},Não é possível criar um {0} em um documento filho: {1}
Cannot create private workspace of other users,Não é possível criar um espaço de trabalho privado de outros usuários
Cannot delete Desktop Icon '{0}' as it is restricted,Não é possível excluir o ícone da área de trabalho '{0}' porque ele é restrito
Cannot delete Home and Attachments folders,Não é possível excluir as pastas Início e Anexos
Cannot delete or cancel because {0} {1} is linked with {2} {3} {4},Não é possível excluir ou cancelar porque {0} {1} está vinculado a {2} {3} {4}
Cannot delete standard action. You can hide it if you want,Não é possível excluir a ação padrão. Você pode escondê-lo se quiser
Cannot delete standard document state.,Não é possível excluir o estado padrão do documento.
Cannot delete standard field <strong>{0}</strong>. You can hide it instead.,Não é possível excluir o campo padrão <strong>{0}</strong>. Você pode ocultá-lo.
Cannot delete standard field. You can hide it if you want,Não é possível excluir o campo padrão. Você pode escondê-lo se quiser
Cannot delete standard link. You can hide it if you want,Não é possível excluir o link padrão. Você pode escondê-lo se quiser
Cannot delete system generated field <strong>{0}</strong>. You can hide it instead.,Não é possível excluir o campo <strong>{0}</strong> gerado pelo sistema. Você pode ocultá-lo.
Cannot delete {0},Não é possível excluir {0}
Cannot delete {0} as it has child nodes,Não é possível excluir {0} porque ele possui nós filhos
Cannot edit Standard Dashboards,Não é possível editar painéis padrão
"Cannot edit Standard Notification. To edit, please disable this and duplicate it","Não é possível editar a notificação padrão. Para editar, desative esta opção e duplique-a"
Cannot edit Standard charts,Não é possível editar gráficos padrão
Cannot edit a standard report. Please duplicate and create a new report,Não é possível editar um relatório padrão. Duplique e crie um novo relatório
Cannot edit cancelled document,Não é possível editar o documento cancelado
Cannot edit filters for standard charts,Não é possível editar filtros para gráficos padrão
Cannot edit filters for standard number cards,Não é possível editar filtros para cartões numéricos padrão
Cannot edit standard fields,Não é possível editar campos padrão
Cannot enable {0} for a non-submittable doctype,Não é possível ativar {0} para um tipo de documento não submissível
Cannot find file {} on disk,Não é possível encontrar o arquivo {} no disco
Cannot get file contents of a Folder,Não é possível obter o conteúdo do arquivo de uma pasta
Cannot have multiple printers mapped to a single print format.,Não é possível ter várias impressoras mapeadas para um único formato de impressão.
Cannot import table with more than 5000 rows.,Não é possível importar tabela com mais de 5.000 linhas.
Cannot link cancelled document: {0},Não é possível vincular o documento cancelado: {0}
Cannot map because following condition fails:,Não é possível mapear porque a seguinte condição falha:
Cannot match column {0} with any field,Não é possível corresponder a coluna {0} a nenhum campo
Cannot move row,Não é possível mover a linha
Cannot remove ID field,Não é possível remover o campo ID
Cannot set 'Report' permission if 'Only If Creator' permission is set,Não é possível definir a permissão 'Relatório' se a permissão 'Somente se Criador' estiver definida
Cannot set Notification with event {0} on Document Type {1},Não é possível definir notificação com evento {0} no tipo de documento {1}
Cannot share {0} with submit permission as the doctype {1} is not submittable,Não é possível compartilhar {0} com permissão de envio porque o tipo de documento {1} não pode ser enviado
Cannot submit {0}.,Não é possível enviar {0}.
Cannot update {0},Não é possível atualizar {0}
Cannot use sub-query here.,Não é possível usar subconsulta aqui.
Cannot use {0} in order/group by,Não é possível usar {0} em ordem/agrupar por
Cannot {0} {1}.,Não é possível {0} {1}.
Capitalization doesn't help very much.,A capitalização não ajuda muito.
Capture,Capturar
Card Break,Quebra de cartão
Card Label,Etiqueta do cartão
Card Links,Links de cartão
Category,Categoria
Change,Mudar
Change Image,Alterar imagem
Change Letter Head,Alterar cabeçalho da carta
Change Print Format,Alterar formato de impressão
Changed at,Alterado em
Changed by,Alterado por
Changelog Feed,Feed do registro de alterações
Changes,Mudanças
Changing any setting will reflect on all the email accounts associated with this domain.,A alteração de qualquer configuração refletirá em todas as contas de Email associadas a este domínio.
Changing rounding method on site with data can result in unexpected behaviour.,Alterar o método de arredondamento no local com dados pode resultar em comportamento inesperado.
Chart,Gráfico
Chart Type,Tipo de gráfico
Chat,Bater papo
Check Request URL,Verifique o URL da solicitação
"Check columns to select, drag to set order.","Marque as colunas para selecionar, arraste para definir a ordem."
Check the Error Log for more information: {0},Verifique o registro de erros para obter mais informações: {0}
Check this if the Update Value is a formula or expression (e.g. doc.amount * 2). Leave unchecked for plain text values.,"Verifique se o valor de atualização é uma fórmula ou expressão (por exemplo, doc.amount * 2). Deixe desmarcado para valores de texto simples."
Check this if you don't want users to sign up for an account on your site. Users won't get desk access unless you explicitly provide it.,"Marque esta opção se não quiser que os usuários se inscrevam em uma conta no seu site. Os usuários não terão acesso à mesa, a menos que você o forneça explicitamente."
"Check to display the full numeric value (e.g., 1,234,567 instead of 1.2M).","Marque para exibir o valor numérico completo (por exemplo, 1.234.567 em vez de 1,2M)."
Checking one moment,Verificando um momento
"Checking this will enable tracking page views for blogs, web pages, etc.","Marcar isso permitirá o rastreamento de visualizações de páginas de blogs, páginas da web, etc."
Checking this will hide custom doctypes and reports cards in Links section,Marcar isso ocultará documentos personalizados e cartões de relatórios na seção Links
Checking this will publish the page on your website and it'll be visible to everyone.,Marcar isso publicará a página em seu site e ficará visível para todos.
Checking this will show a text area where you can write custom javascript that will run on this page.,Marcar isso mostrará uma área de texto onde você pode escrever javascript personalizado que será executado nesta página.
Child DocTypes are not allowed,DocTypes filhos não são permitidos
Child Doctype,Tipo de documento filho
Child Item,Item filho
Child Table {0} for field {1} must be virtual,A tabela filha {0} para o campo {1} deve ser virtual
Child Tables are shown as a Grid in other DocTypes,Tabelas filhas são mostradas como uma grade em outros DocTypes
Child query fields for '{0}' must be a list or tuple.,Os campos de consulta filho para '{0}' devem ser uma lista ou tupla.
Choose Existing Card or create New Card,Escolha o cartão existente ou crie um novo cartão
Choose a block or continue typing,Escolha um bloco ou continue digitando
Choose a color,Escolha uma cor
Choose an icon,Escolha um ícone
City,Cidade
Clear & Add Template,Limpar e adicionar modelo
Clear & Add template,Limpar e adicionar modelo
Clear All,Limpar tudo
Clear Assignment,Limpar tarefa
Clear Cache and Reload,Limpar cache e recarregar
Clear Error Logs,Limpar registros de erros
Clear Filters,Limpar filtros
Clear Link,Limpar link
Clear Logs After (days),Limpar registros após (dias)
Clear User Permissions,Limpar permissões do usuário
Clear all filters,Limpar todos os filtros
Clear the email message and add the template,Limpe a mensagem de Email e adicione o modelo
"Clearing end date, as it cannot be in the past for published pages.","Data de término de compensação, pois não pode estar no passado para páginas publicadas."
Click On Customize to add your first widget,Clique em Personalizar para adicionar seu primeiro widget
Click below to get started:,Clique abaixo para começar:
Click here,Clique aqui
Click on a file to select it.,Clique em um arquivo para selecioná-lo.
Click on the button to log in to {0},Clique no botão para fazer login em {0}
Click on the link below to approve the request,Clique no link abaixo para aprovar a solicitação
Click on the link below to complete your registration and set a new password,Clique no link abaixo para concluir seu cadastro e definir uma nova senha
Click on the link below to download your data,Clique no link abaixo para baixar seus dados
Click on the link below to verify your request,Clique no link abaixo para verificar sua solicitação
Click on {0} to edit,Clique em {0} para editar
Click on {0} to generate Refresh Token.,Clique em {0} para gerar o token de atualização.
Click table to edit,Clique na tabela para editar
Click to Set Dynamic Filters,Clique para definir filtros dinâmicos
Click to Set Filters,Clique para definir filtros
Click to sort by {0},Clique para classificar por {0}
Client Id,ID do cliente
Client Metadata,Metadados do cliente
Client Script,Script do cliente
Client Secret Basic,Segredo do cliente básico
Client Secret Post,Postagem secreta do cliente
Client URI,URI do cliente
Client URLs,URLs de clientes
Client script,Script do cliente
Close,Fechar
Close properties,Fechar propriedades
Closed,Fechado
Cmd+Enter to add comment,Cmd+Enter para adicionar comentário
Code Challenge,Desafio de código
Code Editor Type,Tipo de editor de código
Code challenge method,Error 500 (Server Error)!!1500.That’s an error.There was an error. Please try again later.That’s all we know.
Collapse,Colapso
Collapse All,Recolher tudo
Collapsible Depends On (JS),Depende do dobrável (JS)
Column,Coluna
Column 1,Coluna 1
Column 2,Coluna 2
Column <b>{0}</b> already exist.,A coluna <b>{0}</b> já existe.
Column Labels:,Etiquetas de coluna:
Column Name,Nome da coluna
Column Name cannot be empty,O nome da coluna não pode ficar vazio
Column Width,Largura da coluna
Column width cannot be zero.,A largura da coluna não pode ser zero.
Column {0},Coluna {0}
Columns based on,Colunas baseadas em
Combination of Grant Type (<code>{0}</code>) and Response Type (<code>{1}</code>) not allowed,Combinação de tipo de concessão (<code>{0}</code>) e tipo de resposta (<code>{1}</code>) não permitida
Comm10E,Comm10E
Comment,Comentário
Comment Email,Email de comentário
Comment Type,Tipo de comentário
Comment can only be edited by the owner,O comentário só pode ser editado pelo proprietário
Comment publicity can only be updated by the original author or a System Manager.,A publicidade dos comentários só pode ser atualizada pelo autor original ou por um Gerente do Sistema.
Comments,Comentários
Comments cannot have links or email addresses,Os comentários não podem conter links ou endereços de Email
Commercial Rounding,Arredondamento Comercial
Committed,Empenhado
Common names and surnames are easy to guess.,Nomes e sobrenomes comuns são fáceis de adivinhar.
Common words are easy to guess.,Palavras comuns são fáceis de adivinhar.
Communication,Comunicação
Communication Date,Data de Comunicação
Communication Link,Link de comunicação
Communication Type,Tipo de comunicação
Communication secret not set,Segredo de comunicação não definido
Company History,História da Empresa
Company Name,nome da empresa
Compare Versions,Comparar versões
Compilation warning,Aviso de compilação
Compiled Successfully,Compilado com sucesso
Complete,Completo
Complete By,Concluir por
Complete Registration,Registro completo
Complete Setup,Configuração completa
Completed,Concluído
Completed By Role,Concluído por função
Completed By User,Concluído pelo usuário
Component,Componente
Compose Email,Escrever Email
Compressed,Comprimido
Condition,Doença
Condition JSON,Condição JSON
Condition Type,Tipo de condição
Condition description,Descrição da condição
Conditions,Condições
Config,Configuração
Configuration,Configuração
Configure Chart,Configurar gráfico
Configure Columns,Configurar colunas
Configure Recorder,Configurar gravador
Configure columns for {0},Configurar colunas para {0}
Configure how amended documents will be named.<br>||||||Default behaviour is to follow an amend counter which adds a number to the end of the original name indicating the amended version. <br>||||||Default Naming will make the amended document to behave same as new documents.,Configure como os documentos alterados serão nomeados.<br>||||||O comportamento padrão é seguir um contador de alterações que adiciona um número ao final do nome original indicando a versão alterada. <br>||||||A nomenclatura padrão fará com que o documento alterado se comporte da mesma forma que os novos documentos.
"Configure various aspects of how document naming works like naming series, current counter.","Configure vários aspectos de como a nomenclatura de documentos funciona, como nomenclatura de séries e contador atual."
Confirm Access,Confirmar acesso
Confirm Deletion of Account,Confirmar exclusão da conta
Confirm New Password,Confirme a nova senha
Confirm Password,Confirme sua senha
Confirm Request,Confirmar solicitação
Confirmation Email Template,Modelo de Email de confirmação
Confirmed,Confirmado
"Congratulations on completing the module setup. If you want to learn more you can refer to the documentation <a target=""_blank"" href=""{0}"">here</a>.","Parabéns por concluir a configuração do módulo. Se quiser saber mais, consulte a documentação <a target=""_blank"" href=""{0}"">aqui</a>."
Connect to {},Conecte-se a {}
Connected App,Aplicativo conectado
Connected User,Usuário conectado
Connected to QZ Tray!,Conectado à bandeja QZ!
Connection Lost,Conexão perdida
Connection Success,Sucesso de conexão
Connection lost. Some features might not work.,Conexão perdida. Alguns recursos podem não funcionar.
Connections,Conexões
Console,Console
Console Log,Registro do console
Console Logs can not be deleted,Os logs do console não podem ser excluídos
Constraints,Restrições
Contact / email not found. Did not add attendee for -<br>{0},Contato/Email não encontrado. Não foi adicionado participante para -<br>{0}
Contact Email,Email de contato
Contact Phone,Telefone de contato
Contact Synced with Google Contacts.,Contato sincronizado com os Contatos do Google.
Contact Us,Contate-nos
Contact Us Settings,Contate-nos Configurações
"Contact options, like ""Sales Query, Support Query"" etc each on a new line or separated by commas.","Opções de contato, como ""Consulta de vendas, Consulta de suporte"" etc., cada uma em uma nova linha ou separadas por vírgulas."
Contains {0} security fix,Contém {0} correção de segurança
Contains {0} security fixes,Contém {0} correções de segurança
Content Hash,Hash de conteúdo
Content data shoud be a list,Os dados de conteúdo devem ser uma lista
Content type for building the page,Tipo de conteúdo para construção da página
Context Script,Script de Contexto
Continue,Continuar
Contribution Status,Status de contribuição
"Controls whether new users can sign up using this Social Login Key. If unset, Website Settings is respected.","Controla se novos usuários podem se inscrever usando esta chave de login social. Se não for definido, as configurações do site serão respeitadas."
Copied to clipboard.,Copiado para a área de transferência.
Copied {0} {1} to clipboard,Copiado {0} {1} para a área de transferência
Copy Apps Version,Copiar versão dos aplicativos
Copy File URL,Copiar URL do arquivo
Copy Link,Copiar link
Copy embed code,Copiar código incorporado
Copy error to clipboard,Erro de cópia para a área de transferência
Copy to Clipboard,Copiar para a área de transferência
Copy token to clipboard,Copiar token para a área de transferência
Core,Essencial
Core DocTypes cannot be customized.,Os DocTypes principais não podem ser personalizados.
Core Modules {0} cannot be searched in Global Search.,Os Módulos Principais {0} não podem ser pesquisados ​​na Pesquisa Global.
Correct version :,Versão correta:
Could not connect to outgoing email server,Não foi possível conectar-se ao servidor de Email de saída
Could not find {0},Não foi possível encontrar {0}
Could not map column {0} to field {1},Não foi possível mapear a coluna {0} para o campo {1}
Could not parse field: {0},Não foi possível analisar o campo: {0}
Could not start Chromium. Check logs for details.,Não foi possível iniciar o Chromium. Verifique os registros para obter detalhes.
"Couldn't save, please check the data you have entered","Não foi possível salvar, verifique os dados inseridos"
Count,Contar
Count Customizations,Contar personalizações
Count Filter,Filtro de contagem
Count of linked documents,Contagem de documentos vinculados
Country,País
Country Code Required,Código do país obrigatório
Cr,Cr
Create,Criar
Create & Continue,Criar e continuar
Create Address,Criar endereço
Create Card,Criar cartão
Create Chart,Criar gráfico
Create Child Doctype,Criar tipo de documento filho
Create Contacts from Incoming Emails,Crie contatos a partir de Emails recebidos
Create Letter Head,Criar cabeçalho de carta
Create Log,Criar registro
Create New DocType,Criar novo tipo de documento
Create New Kanban Board,Criar novo quadro Kanban
Create Saved Filter,Criar filtro salvo
Create User Email,Criar Email de usuário
Create a New Format,Crie um novo formato
Create a Reminder,Crie um lembrete
Create a new ...,Crie um novo...
Create a new record,Crie um novo registro
Create a new {0},Crie um novo {0}
Create a {0} Account,Crie uma conta {0}
Create or Edit Print Format,Criar ou editar formato de impressão
Create or Edit Workflow,Criar ou editar fluxo de trabalho
Create your first {0},Crie seu primeiro {0}
Create your workflow visually using the Workflow Builder.,Crie seu fluxo de trabalho visualmente usando o Workflow Builder.
Created,Criado
Created At,Criado em
Created By,Criado por
Created By You,Criado por você
Created By {0},Criado por {0}
Created Custom Field {0} in {1},Campo personalizado criado {0} em {1}
Created On,Criado em
Creating {0},Criando {0}
Creation of this document is only permitted in developer mode.,A criação deste documento só é permitida no modo de desenvolvedor.
Cron,Cron
Cron format is required for job types with Cron frequency.,O formato Cron é necessário para tipos de trabalho com frequência Cron.
Crop,Cortar
Ctrl + Down,Ctrl + Baixo
Ctrl + Up,Ctrl + Cima
Ctrl+Enter to add comment,Ctrl+Enter para adicionar comentário
Currency,Moeda
"Currency list stores the currency value, its symbol and fraction unit","A lista de moedas armazena o valor da moeda, seu símbolo e unidade fracionária"
Current,Atual
Current Job ID,ID do trabalho atual
Current Value,Valor Atual
Current status,Estado atual
Currently Viewing,Atualmente visualizando
Custom,Personalizado
Custom Base URL,URL base personalizado
Custom Block Name,Nome do bloco personalizado
Custom Blocks,Blocos personalizados
Custom Delimiters,Delimitadores personalizados
Custom DocPerm,DocPerm personalizado
Custom Document Types (Select Permission),Tipos de documentos personalizados (selecionar permissão)
Custom Document Types Limit Exceeded,Limite de tipos de documentos personalizados excedido
Custom Documents,Documentos personalizados
Custom Field,Campo personalizado
Custom Field {0} is created by the Administrator and can only be deleted through the Administrator account.,O campo personalizado {0} é criado pelo administrador e só pode ser excluído por meio da conta do administrador.
Custom Fields can only be added to a standard DocType.,Campos personalizados só podem ser adicionados a um DocType padrão.
Custom Fields cannot be added to core DocTypes.,Os campos personalizados não podem ser adicionados aos DocTypes principais.
Custom Footer,Rodapé personalizado
Custom Group Search,Pesquisa de grupo personalizada
"Custom Group Search if filled needs to contain the user placeholder {0}, eg uid={0},ou=users,dc=example,dc=com","A pesquisa de grupo personalizada, se preenchida, precisa conter o espaço reservado do usuário {0}, por exemplo, uid={0},ou=users,dc=example,dc=com"
Custom HTML,HTML personalizado
Custom HTML Block,Bloco HTML personalizado
"Custom LDAP Directoy Selected, please ensure 'LDAP Group Member attribute' and 'Group Object Class' are entered","Diretório LDAP personalizado selecionado, certifique-se de que 'Atributo de membro do grupo LDAP' e 'Classe de objeto de grupo' sejam inseridos"
Custom Label,Etiqueta personalizada
Custom Menu Items,Itens de menu personalizados
Custom Reports,Relatórios personalizados
Custom Role,Função personalizada
Custom Sidebar Menu,Menu da barra lateral personalizado
Custom field renamed to {0} successfully.,Campo personalizado renomeado para {0} com sucesso.
"Custom get_list method for {0} must return a QueryBuilder object or None, got {1}","O método get_list personalizado para {0} deve retornar um objeto QueryBuilder ou None, obtido {1}"
Custom?,Personalizado?
Customization,Personalização
Customizations Discarded,Personalizações descartadas
Customizations Reset,Redefinição de personalizações
Customizations for <b>{0}</b> exported to:<br>{1},Personalizações para <b>{0}</b> exportadas para:<br>{1}
Customize,Personalizar
Customize Child Table,Personalizar tabela filho
Customize Dashboard,Personalizar painel
Customize Form,Personalizar formulário
Customize Form - {0},Personalizar formulário - {0}
Customize Form Field,Personalizar campo de formulário
Customize Quick Filters,Personalize filtros rápidos
Cut,Corte
Cyan,Ciano
DELAY,ATRASO
DELETE,EXCLUIR
DESC,DESC
DLE,DLE
DRAFT,RASCUNHO
Daily,Diário
Daily Event Digest is sent for Calendar Events where reminders are set.,O Daily Event Digest é enviado para eventos do calendário onde os lembretes são definidos.
Daily Events should finish on the Same Day.,Os eventos diários devem terminar no mesmo dia.
Daily Maintenance,Manutenção Diária
Dark,Escuro
Dark Theme,Tema escuro
Dashboard,Painel
Dashboard Chart,Gráfico do painel
Dashboard Chart Field,Campo do gráfico do painel
Dashboard Chart Link,Link do gráfico do painel
Dashboard Chart Source,Fonte do gráfico do painel
Dashboard Manager,Gerenciador de painel
Dashboard Name,Nome do painel
Dashboard Settings,Configurações do painel
Dashboard View,Visualização do painel
Dashboards,Painéis
Data Clipped,Dados cortados
Data Export,Exportação de dados
Data Import,Importação de dados
Data Import Log,Log de importação de dados
Data Import Template,Modelo de importação de dados
Data Import is not allowed for {0}. Enable 'Allow Import' in DocType settings.,A importação de dados não é permitida para {0}. Ative 'Permitir importação' nas configurações do DocType.
Data Too Long,Dados muito longos
Database,Banco de dados
Database Engine,Mecanismo de banco de dados
Database Processes,Processos de banco de dados
Database Row Size Utilization,Utilização do tamanho da linha do banco de dados
Database Storage Usage By Tables,Uso de armazenamento de banco de dados por tabelas
Database Table Row Size Limit,Limite de tamanho de linha da tabela de banco de dados
"Database Table Row Size Utilization: {0}%, this limits number of fields you can add.","Utilização do tamanho da linha da tabela do banco de dados: {0}%, isso limita o número de campos que você pode adicionar."
Database Version,Versão do banco de dados
Date,Data
Date Range,Período
Date after which this security.txt should be considered stale.,Data após a qual este security.txt deve ser considerado obsoleto.
Date {0} must be in format: {1},A data {0} deve estar no formato: {1}
Dates are often easy to guess.,As datas costumam ser fáceis de adivinhar.
Day,Dia
Days,Dias
Days Remaining,Dias restantes
Deadlock Occurred,Ocorreu um impasse
Dear,Querido
"Dear System Manager,","Prezado Gerente de Sistema,"
"Dear User,","Prezado usuário,"
Dear {0},Caro {0}
Debug Log,Registro de depuração
Decimal Separator must be '.' when Quoting is set to Non-numeric,O separador decimal deve ser '.' quando a cotação está definida como não numérica
Decimal Separator must be a single character,O separador decimal deve ser um único caractere
Default Address Template cannot be deleted,O modelo de endereço padrão não pode ser excluído
Default Amendment Naming,Nomenclatura de alteração padrão
Default App,Aplicativo padrão
Default Email Template,Modelo de Email padrão
Default Inbox,Caixa de entrada padrão
Default Incoming,Entrada padrão
Default Naming,Nomenclatura padrão
Default Outgoing,Saída padrão
Default Sending,Envio padrão
Default Sending and Inbox,Envio e caixa de entrada padrão
Default Template For Field,Modelo padrão para campo
Default Theme,Tema padrão
Default User Role,Função de usuário padrão
Default User Type,Tipo de usuário padrão
Default View,Visualização padrão
Default Workspace,Espaço de trabalho padrão
Default display currency,Moeda de exibição padrão
Default for 'Check' type of field {0} must be either '0' or '1',O padrão para o tipo de campo 'Verificar' {0} deve ser '0' ou '1'
Default value for {0} must be in the list of options.,O valor padrão para {0} deve estar na lista de opções.
Default {0},Padrão {0}
DefaultValue,Valor padrão
Defaults Updated,Padrões atualizados
Defaults to `en`,O padrão é `en`
Defines actions on states and the next step and allowed roles.,Define ações nos estados e na próxima etapa e funções permitidas.
Defines how long exported reports sent via email are kept in the system. Older files will be automatically deleted.,Define por quanto tempo os relatórios exportados enviados por Email ficam mantidos no sistema. Os arquivos mais antigos serão excluídos automaticamente.
Defines workflow states and rules for a document.,Define estados e regras de fluxo de trabalho para um documento.
Delayed,Atrasado
Delete,Excluir
Delete Account,Excluir conta
Delete Background Exported Reports After (Hours),Excluir relatórios exportados em segundo plano após (horas)
Delete Column,Excluir coluna
Delete Data,Excluir dados
Delete Demo Data,Excluir dados de demonstração
Delete Kanban Board,Excluir quadro Kanban
Delete Section,Excluir seção
Delete Tab,Excluir guia
Delete all,Excluir tudo
Delete all {0} rows,Excluir todas as {0} linhas
Delete and Generate New,Excluir e gerar novo
Delete column,Excluir coluna
Delete comment?,Excluir comentário?
Delete entire column with fields,Excluir coluna inteira com campos
Delete entire section with fields,Exclua a seção inteira com campos
Delete entire tab with fields,Excluir guia inteira com campos
Delete row,Excluir linha
Delete section,Excluir seção
Delete tab,Excluir guia
Delete this record to allow sending to this email address,Exclua este registro para permitir o envio para este endereço de Email
Delete {0} item permanently?,Excluir {0} item permanentemente?
Delete {0} items permanently?,Excluir {0} itens permanentemente?
Delete {0} rows,Excluir {0} linhas
Deleted,Excluído
Deleted DocType,DocType excluído
Deleted Document,Documento excluído
Deleted all documents successfully,Excluiu todos os documentos com sucesso
Deleting {0},Excluindo {0}
Deleting {0} records...,Excluindo {0} registros...
Deleting {0}...,Excluindo {0}...
Deletion of this document is only permitted in developer mode.,A exclusão deste documento só é permitida no modo de desenvolvedor.
Delimiter Options,Opções de delimitador
Delimiter detection failed. Try to enable custom delimiters and adjust the delimiter options as per your data.,Falha na detecção do delimitador. Tente habilitar delimitadores personalizados e ajustar as opções dos delimitadores de acordo com seus dados.
Delimiter must be a single character,O delimitador deve ser um único caractere
Delivery Status,Status de entrega
Delivery Status Notification Type,Tipo de notificação de status de entrega
Deny,Negar
Department,Departamento
Dependencies,Dependências
Dependencies & Licenses,Dependências e licenças
Descendants Of,Descendentes de
Descendants Of (inclusive),Descendentes de (inclusive)
Description,Descrição
Description to inform the user about any action that is going to be performed,Descrição para informar o usuário sobre qualquer ação que será realizada
Designation,Designação
Desk,Mesa
Desk Settings,Configurações de mesa
Desk Theme,Tema de mesa
Desk User,Usuário de mesa
Desktop,Área de trabalho
Desktop Icon,Ícone da área de trabalho
Desktop Layout,Layout da área de trabalho
Desktop Settings,Configurações da área de trabalho
Details,Detalhes
Detect CSV type,Detectar tipo CSV
Did not add,Não adicionei
Did not remove,Não removeu
Diff,Diferença
"Different ""States"" this document can exist in. Like ""Open"", ""Pending Approval"" etc.","Diferentes ""Estados"" em que este documento pode existir. Como ""Aberto"", ""Aprovação Pendente"" etc."
Dinars,Dinares
Directory Server,Servidor de diretório
Disable Automatic Recency Filters,Desativar filtros automáticos de atualidade
Disable Change Log Notification,Desativar notificação de registro de alterações
Disable Comment Count,Desativar contagem de comentários
Disable Document Sharing,Desativar compartilhamento de documentos
Disable Product Suggestion,Desativar sugestão de produto
Disable Report,Desativar relatório
Disable Scrolling,Desativar rolagem
Disable Signup for your site,Desative a inscrição para o seu site
Disable Standard Email Footer,Desativar rodapé de Email padrão
Disable System Update Notification,Desativar notificação de atualização do sistema
Disable Username/Password Login,Desativar login com nome de usuário/senha
Disable signups,Desativar inscrições
Disabled,Desabilitado
Disabled Auto Reply,Resposta automática desativada
Discard {0},Descartar {0}
Discard?,Descartar?
Discarded,Descartado
Disclaimer: These indexes are suggested based on data and queries performed during this recording. These suggestions may or may not help.,Isenção de responsabilidade: esses índices são sugeridos com base nos dados e consultas realizadas durante esta gravação. Essas sugestões podem ou não ajudar.
Discussion Reply,Resposta à discussão
Discussion Topic,Tópico de discussão
Dismiss,Liberar
Display,Mostrar
Display Depends On (JS),A exibição depende de (JS)
Divider,Divisor
Do not create new user if user with email does not exist in the system,Não criar novo usuário se o usuário com email não existir no sistema
Do not edit headers which are preset in the template,Não edite cabeçalhos predefinidos no modelo
Do not warn me again about {0},Não me avise novamente sobre {0}
Do you still want to proceed?,Você ainda deseja prosseguir?
Do you want to cancel all linked documents?,Deseja cancelar todos os documentos vinculados?
Doc Event,Evento de documento
Doc Events,Eventos de documentos
Doc Status,Status do documento
DocField,CampoDoc
DocPerm,Permissões de documento
DocShare,Compartilhamento de documento
DocStatus of the following states have changed:<br><strong>{0}</strong><br>|||				Do you want to update the docstatus of existing documents in those states?<br>|||				This does not undo any effect bought in by the document's existing docstatus.|||				,DocStatus dos seguintes estados foram alterados:<br><strong>{0}</strong><br>|||				Deseja atualizar o status dos documentos existentes nesses estados?<br>|||				Isso não anula nenhum efeito adquirido pelo status de documento existente do documento.|||
DocType,DocType
DocType <b>{0}</b> provided for the field <b>{1}</b> must have atleast one Link field,DocType <b>{0}</b> fornecido para o campo <b>{1}</b> deve ter pelo menos um campo Link
DocType Action,Ação DocType
DocType Event,Evento DocType
DocType Layout,Layout DocType
DocType Layout Field,Campo de layout DocType
DocType Link,Link DocType
DocType Missing,DocType ausente
DocType State,Estado DocType
DocType View,Visualização de tipo de documento
DocType can not be merged,DocType não pode ser mesclado
DocType can only be renamed by Administrator,DocType só pode ser renomeado pelo Administrador
DocType is a Table / Form in the application.,DocType é uma Tabela/Formulário na aplicação.
DocType must be Submittable for the selected Doc Event,DocType deve ser submissível para o evento de documento selecionado
DocType must have atleast one field,DocType deve ter pelo menos um campo
DocType not supported by Log Settings.,DocType não suportado pelas configurações de log.
DocType on which this Workflow is applicable.,DocType ao qual este fluxo de trabalho é aplicável.
DocType required,DocType obrigatório
DocType {0} does not exist.,DocType {0} não existe.
DocType {} not found,DocType {} não encontrado
DocType's name should not start or end with whitespace,O nome do DocType não deve começar ou terminar com espaço em branco
"DocTypes cannot be modified, please use {0} instead","DocTypes não podem ser modificados, use {0} em vez disso"
Doctype,Tipo de documento
Doctype name is limited to {0} characters ({1}),O nome do tipo de documento é limitado a {0} caracteres ({1})
Doctype required,Tipo de documento obrigatório
Document Follow,Acompanhamento de documento
Document Follow Notification,Notificação de acompanhamento de documento
Document Linking,Vinculação de documentos
Document Links Row #{0}: Could not find field {1} in {2} DocType,Linha nº {0} de links de documentos: não foi possível encontrar o campo {1} em {2} DocType
Document Links Row #{0}: Invalid doctype or fieldname.,Linha nº {0} de links de documentos: tipo de documento ou nome de campo inválido.
Document Links Row #{0}: Parent DocType is mandatory for internal links,Linha #{0} de links de documentos: DocType pai é obrigatório para links internos
Document Links Row #{0}: Table Fieldname is mandatory for internal links,Linha #{0} de links de documentos: o nome do campo da tabela é obrigatório para links internos
Document Name,Nome do documento
Document Name must not be empty,O nome do documento não deve estar vazio
Document Naming Rule,Regra de nomenclatura de documentos
Document Naming Rule Condition,Condição da regra de nomenclatura de documentos
Document Naming Settings,Configurações de nomenclatura de documentos
Document Queued,Documento na fila
Document Restoration Summary,Resumo da restauração de documentos
Document Restored,Documento restaurado
Document Saved,Documento salvo
Document Share Key,Chave de compartilhamento de documento
Document Share Key Expiry (in Days),Expiração da chave de compartilhamento de documentos (em dias)
Document Share Report,Relatório de compartilhamento de documentos
Document Status,Status do documento
Document Type,Tipo de documento
Document Type and Function are required to create a number card,O tipo de documento e a função são necessários para criar um cartão numérico
Document Type is not importable,O tipo de documento não é importável
Document Type is not submittable,O tipo de documento não pode ser enviado
Document Type to Track,Tipo de documento a ser rastreado
Document Type {0} has been repeated.,O tipo de documento {0} foi repetido.
Document Types,Tipos de documentos
Document Types (Select Permissions Only),Tipos de documentos (somente permissões selecionadas)
Document Types and Permissions,Tipos e permissões de documentos
Document Unlocked,Documento desbloqueado
Document cannot be used as a filter value,O documento não pode ser usado como valor de filtro
Document follow is not enabled for this user.,O acompanhamento de documentos não está ativado para este usuário.
Document has been cancelled,O documento foi cancelado
Document has been submitted,O documento foi enviado
Document is in draft state,O documento está em estado de rascunho
Document is only editable by users with role,O documento só pode ser editado por usuários com função
Document not Relinked,Documento não vinculado novamente
Document renamed from {0} to {1},Documento renomeado de {0} para {1}
Document renaming from {0} to {1} has been queued,A renomeação de documentos de {0} para {1} foi colocada na fila
Document type is required to create a dashboard chart,O tipo de documento é necessário para criar um gráfico de painel
Document {0} Already Restored,Documento {0} já restaurado
Document {0} has been set to state {1} by {2},O documento {0} foi definido para o estado {1} por {2}
Documentation,Documentação
Documents,Documentos
Documents restored successfully,Documentos restaurados com sucesso
Documents that failed to restore,Documentos que não foram restaurados
Documents that were already restored,Documentos que já foram restaurados
Domain,Domínio
Domain Name,Nome de domínio
Domain Settings,Configurações de domínio
Domains,Domínios
"Don't HTML Encode HTML tags like &lt;script&gt; or just characters like &lt; or &gt;, as they could be intentionally used in this field","Não codifique tags HTML como &lt;script&gt; ou apenas caracteres como &lt; ou &gt;, pois podem ser usados ​​intencionalmente neste campo"
Don't Import,Não importe
Don't Override Status,Não substitua o status
Don't Send Emails,Não envie Emails
"Don't encode HTML tags like &lt;script&gt; or just characters like &lt; or &gt;, as they could be intentionally used in this field","Não codifique tags HTML como &lt;script&gt; ou apenas caracteres como &lt; ou &gt;, pois podem ser usados ​​intencionalmente neste campo"
Don't have an account?,Não tem uma conta?
Double click to edit label,Clique duas vezes para editar o rótulo
Download,Download
Download Backups,Baixar backups
Download Data,Baixar dados
Download Files Backup,Baixar backup de arquivos
Download Link,Link para baixar
Download PDF,Baixar PDF
Download Report,Baixar relatório
Download Template,Baixar modelo
Download Your Data,Baixe seus dados
Download as CSV,Baixar como CSV
Download vCard,Baixar vCard
Download vCards,Baixar vCards
Dr,Dr.
Draft,Rascunho
Drag,Arrastar
Drag & Drop a section here from another tab,Arraste e solte uma seção aqui de outra guia
Drag and drop files here or upload from,Arraste e solte arquivos aqui ou faça upload de
Drag columns to set order. Column width is set in percentage. The total width should not be more than 100. Columns marked in red will be removed.,Arraste as colunas para definir a ordem. A largura da coluna é definida em porcentagem. A largura total não deve ser superior a 100. As colunas marcadas em vermelho serão removidas.
Drag elements from the sidebar to add. Drag them back to trash.,Arraste os elementos da barra lateral para adicionar. Arraste-os de volta para a lixeira.
Drag to add state,Arraste para adicionar estado
Drop files here,Solte os arquivos aqui
Dropdowns,Menus suspensos
Duplicate,Duplicado
Duplicate Entry,Entrada duplicada
Duplicate Filter Name,Nome de filtro duplicado
Duplicate Name,Nome duplicado
Duplicate current row,Duplicar linha atual
Duplicate field,Campo duplicado
Duplicate row,Linha duplicada
Duplicate rows,Linhas duplicadas
Duplicate {0} rows,Duplicar {0} linhas
Dynamic,Dinâmico
Dynamic Link,Link Dinâmico
ESC,ESC
Edit,Editar
Edit Address in Form,Editar endereço no formulário
Edit Auto Email Report Settings,Editar configurações de relatório automático por Email
Edit Chart,Editar gráfico
Edit Custom Block,Editar bloco personalizado
Edit Custom HTML,Editar HTML personalizado
Edit DocType,Editar tipo de documento
Edit Existing,Editar existente
Edit Filter,Editar filtro
Edit Filters,Editar filtros
Edit Footer,Editar rodapé
Edit Format,Editar formato
Edit Full Form,Editar formulário completo
Edit HTML,Editar HTML
Edit Header,Editar cabeçalho
Edit Heading,Editar título
Edit Letter Head,Editar cabeçalho da carta
Edit Letter Head Footer,Editar rodapé do cabeçalho da carta
Edit Links,Editar links
Edit Number Card,Editar cartão numérico
Edit Onboarding,Editar integração
Edit Print Format,Editar formato de impressão
Edit Profile,Editar perfil
Edit Properties,Editar propriedades
Edit Quick List,Editar lista rápida
Edit Shortcut,Editar atalho
Edit Sidebar,Editar barra lateral
Edit Values,Editar valores
Edit mode,Modo de edição
Edit the {0} Doctype,Edite o tipo de documento {0}
Edit to add content,Edite para adicionar conteúdo
Edit your response,Edite sua resposta
Edit your workflow visually using the Workflow Builder.,Edite seu fluxo de trabalho visualmente usando o Workflow Builder.
Edit {0},Editar {0}
Editable Grid,Grade editável
Editing Row,Editando linha
Editing {0},Editando {0}
Eg. smsgateway.com/api/send_sms.cgi,Por exemplo. smsgateway.com/api/send_sms.cgi
Either key or IP flag is required.,É necessária uma chave ou sinalizador de IP.
Element Selector,Seletor de elemento
Email,Email
Email Account,Conta de Email
Email Account Disabled.,Conta de Email desativada.
Email Account Name,Nome da conta de Email
Email Account added multiple times,Conta de Email adicionada várias vezes
Email Account not setup. Please create a new Email Account from Settings > Email Account,Conta de Email não configurada. Crie uma nova conta de Email em Configurações > Conta de Email
Email Account {0} Disabled,Conta de Email {0} desativada
Email Address,Endereço de email
Email Address whose Google Contacts are to be synced.,Endereço de Email cujos Contatos do Google serão sincronizados.
Email Addresses,Endereços de Email
Email Domain,Domínio de Email
Email Flag Queue,Fila de sinalização de Email
Email Footer Address,Endereço de rodapé de Email
Email Group,Grupo de Email
Email Group Member,Membro do grupo de Email
Email Header,Cabeçalho do Email
Email ID,ID de Email
Email IDs,IDs de Email
Email Id,ID de Email
Email Queue,Fila de Email
Email Queue Recipient,Destinatário da fila de Email
Email Queue flushing aborted due to too many failures.,A liberação da fila de Email foi abortada devido a muitas falhas.
Email Queue records.,Registros de fila de Email.
Email Reply Help,Ajuda para resposta por Email
Email Retry Limit,Limite de novas tentativas de Email
Email Rule,Regra de Email
Email Sent,Email enviado
Email Sent At,Email enviado em
Email Settings,Configurações de Email
Email Signature,Assinatura de Email
Email Status,Status do Email
Email Sync Option,Opção de sincronização de Email
Email Template,Modelo de Email
Email Threads on Assigned Document,Tópicos de Email no documento atribuído
Email To,Email para
Email Unsubscribe,Cancelar inscrição por Email
Email has been marked as spam,O Email foi marcado como spam
Email has been moved to trash,O Email foi movido para a lixeira
Email is mandatory to create User Email,O Email é obrigatório para criar o Email do usuário
Email not sent to {0} (unsubscribed / disabled),Email não enviado para {0} (inscrição cancelada/desativada)
Email not verified with {0},Email não verificado com {0}
Email queue is currently suspended. Resume to automatically send other emails.,A fila de Email está suspensa no momento. Retomar para enviar automaticamente outros Emails.
Email sending undone,Envio de Email desfeito
Email size {0:.2f} MB exceeds the maximum allowed size of {1:.2f} MB,O tamanho do Email {0:.2f} MB excede o tamanho máximo permitido de {1:.2f} MB
Email undo window is over. Cannot undo email.,A janela de desfazer Email terminou. Não é possível desfazer Email.
Emails,Emails
Emails Pulled,Emails extraídos
Emails are already being pulled from this account.,Os Emails já estão sendo retirados desta conta.
Emails are muted,Os Emails estão silenciados
Emails will be sent with next possible workflow actions,Os Emails serão enviados com as próximas ações possíveis do fluxo de trabalho
Embed code copied,Código incorporado copiado
Employee Self Service,Autoatendimento para funcionários
Empty alias is not allowed,Alias ​​vazios não são permitidos
Empty column,Coluna vazia
Empty string arguments are not allowed,Argumentos de string vazios não são permitidos
Enable Action Confirmation,Habilitar confirmação de ação
Enable Address Autocompletion,Ativar preenchimento automático de endereço
Enable Allow Auto Repeat for the doctype {0} in Customize Form,Ative Permitir repetição automática para o tipo de documento {0} em Personalizar formulário
Enable Dynamic Client Registration,Habilitar registro dinâmico de cliente
Enable Email Notifications,Habilitar notificações por Email
Enable Google API in Google Settings.,Ative a API do Google nas configurações do Google.
Enable Google indexing,Ativar indexação do Google
Enable Incoming,Habilitar entrada
Enable Onboarding,Habilitar integração
Enable Outgoing,Ativar saída
Enable Prepared Report,Habilitar relatório preparado
Enable Push Notification Relay,Ativar retransmissão de notificação push
Enable Rate Limit,Habilitar Limite de Taxa
Enable Report,Ativar relatório
Enable Scheduler,Habilitar Agendador
Enable System Notification,Habilitar notificação do sistema
Enable Tracking Page Views,Ativar rastreamento de visualizações de páginas
Enable Two Factor Auth,Habilitar autenticação de dois fatores
Enable developer mode to create a standard Print Template,Ative o modo de desenvolvedor para criar um modelo de impressão padrão
Enable developer mode to create a standard Web Template,Ative o modo de desenvolvedor para criar um modelo da Web padrão
Enable if on click|||opens modal.,Habilite se ao clicar|||abre modal.
Enable in-app website tracking,Ative o rastreamento de sites no aplicativo
Enabled Scheduler,Agendador habilitado
Enabled email inbox for user {0},Caixa de entrada de Email ativada para o usuário {0}
Enables Calendar and Gantt views.,Ativa visualizações de calendário e Gantt.
Enabling auto reply on an incoming email account will send automated replies to all the synchronized emails. Do you wish to continue?,Ativar a resposta automática em uma conta de Email recebida enviará respostas automáticas a todos os Emails sincronizados. Você deseja continuar?
"Enabling this will register your site on a central relay server to send push notifications for all installed apps through Firebase Cloud Messaging. This server only stores user tokens and error logs, and no messages are saved.","Ativar isso registrará seu site em um servidor de retransmissão central para enviar notificações push para todos os aplicativos instalados por meio do Firebase Cloud Messaging. Este servidor armazena apenas tokens de usuário e logs de erros, e nenhuma mensagem é salva."
Enabling this will submit documents in background,Ativar isso enviará documentos em segundo plano
Encrypt Backups,Criptografar backups
Encryption key is in invalid format!,A chave de criptografia está em formato inválido!
Encryption key is invalid! Please check site_config.json,A chave de criptografia é inválida! Verifique site_config.json
End,Fim
End Date,Data de término
End Date cannot be before Start Date!,A data de término não pode ser anterior à data de início!
End Date cannot be today.,A data de término não pode ser hoje.
Ended At,Terminou em
Endpoints,Pontos finais
Enqueued By,Enfileirado por
Enqueued creation of indexes,Criação enfileirada de índices
Ensure the user and group search paths are correct.,Certifique-se de que os caminhos de pesquisa do usuário e do grupo estejam corretos.
Enter Client Id and Client Secret in Google Settings.,Insira o ID do cliente e o segredo do cliente nas configurações do Google.
Enter Code displayed in OTP App.,Insira o código exibido no aplicativo OTP.
"Enter Email Recipient(s) in the To, CC, or BCC fields","Insira o(s) destinatário(s) de Email nos campos Para, CC ou CCO"
Enter Form Type,Insira o tipo de formulário
Enter a name for this {0},Insira um nome para este {0}
"Enter default value fields (keys) and values. If you add multiple values for a field, the first one will be picked. These defaults are also used to set ""match"" permission rules. To see list of fields, go to ""Customize Form"".","Insira campos de valor padrão (chaves) e valores. Se você adicionar vários valores a um campo, o primeiro será escolhido. Esses padrões também são usados ​​para definir regras de permissão de ""correspondência"". Para ver a lista de campos, vá em ""Personalizar Formulário""."
Enter folder name,Digite o nome da pasta
"Enter list of Options, each on a new line.","Insira a lista de opções, cada uma em uma nova linha."
"Enter static url parameters here (Eg. sender=ERPNext, username=ERPNext, password=1234 etc.)","Insira os parâmetros de URL estáticos aqui (por exemplo, remetente = ERPNext, nome de usuário = ERPNext, senha = 1234 etc.)"
Enter the fieldname of the currency field or a cached value (e.g. Company:company:default_currency).,"Insira o nome do campo de moeda ou um valor armazenado em cache (por exemplo, Empresa:empresa:moeda_padrão)."
Enter url parameter for message,Insira o parâmetro de URL para mensagem
Enter url parameter for receiver nos,Insira o parâmetro de URL para o número do receptor
Enter your password,Digite sua senha
Entity Name,Nome da Entidade
Entity Type,Tipo de entidade
Error,Erro
Error Log,Registro de erros
Error Message,Mensagem de erro
"Error connecting to QZ Tray Application...<br><br> You need to have QZ Tray application installed and running, to use the Raw Print feature.<br><br><a target=""_blank"" href=""https://qz.io/download/"">Click here to Download and install QZ Tray</a>.<br> <a target=""_blank"" href=""https://erpnext.com/docs/user/manual/en/setting-up/print/raw-printing"">Click here to learn more about Raw Printing</a>.","Erro ao conectar ao aplicativo QZ Tray...<br><br> Você precisa ter o aplicativo QZ Tray instalado e em execução para usar o recurso Raw Print.<br><br><a target=""_blank"" href=""https://qz.io/download/"">Clique aqui para baixar e instalar o QZ Tray</a>.<br> <a target=""_blank"" href=""https://erpnext.com/docs/user/manual/en/setting-up/print/raw-printing"">Clique aqui para saber mais sobre impressão bruta</a>."
Error connecting via IMAP/POP3: {e},Erro ao conectar via IMAP/POP3: {e}
Error connecting via SMTP: {e},Erro ao conectar via SMTP: {e}
Error has occurred in {0},Ocorreu um erro em {0}
Error in Client Script,Erro no script do cliente
Error in Client Script.,Erro no script do cliente.
Error in Header/Footer Script,Erro no script de cabeçalho/rodapé
Error in Notification,Erro na notificação
Error in print format on line {0}: {1},Erro no formato de impressão na linha {0}: {1}
Error in {0}.get_list: {1},Erro em {0}.get_list: {1}
Error parsing nested filters: {0}. {1},Erro ao analisar filtros aninhados: {0}. {1}
"Error validating ""Ignore User Permissions""","Erro ao validar ""Ignorar permissões do usuário"""
Error while connecting to email account {0},Erro ao conectar-se à conta de Email {0}
Error while evaluating Notification {0}. Please fix your template.,"Erro ao avaliar a Notificação {0}. Por favor, corrija seu modelo."
Error {0}: {1},Erro {0}: {1}
Error: Data missing in table {0},Erro: dados ausentes na tabela {0}
Error: Value missing for {0}: {1},Erro: Valor ausente para {0}: {1}
Error: {0} Row #{1}: Value missing for: {2},Erro: {0} Linha #{1}: Valor ausente para: {2}
Errors,Erros
Evaluate as Expression,Avaliar como expressão
Event,Evento
Event Frequency,Frequência do Evento
Event Notifications,Notificações de eventos
Event Participants,Participantes do Evento
Event Reminders,Lembretes de eventos
Event Synced with Google Calendar.,Evento sincronizado com o Google Calendar.
Event Type,Tipo de Evento
Events,Eventos
Events in Today's Calendar,Eventos no calendário de hoje
Everyone,Todos
"Ex: ""colors"": [""#d1d8dd"", ""#ff5858""]","Ex: ""cores"": [""#d1d8dd"", ""#ff5858""]"
Exact Copies,Cópias Exatas
"Example: ""/desk""","Exemplo: ""/mesa"""
Example: Setting this to 24:00 will log out a user if they are not active for 24:00 hours.,Exemplo: definir para 24h desconectará um usuário se ele não estiver ativo por 24h.
Example: {{ subject }},Exemplo: {{ assunto }}
Excel,Excel
Excellent,Excelente
Execute,Executar
Execute Console script,Executar script do console
Executing Code,Executando Código
Executing...,Executando...
Execution Time: {0} sec,Tempo de execução: {0} segundos
Executive,Executivo
Existing Role,Função existente
Expand All,Expandir tudo
"Expected 'and' or 'or' operator, found: {0}","Operador 'e' ou 'ou' esperado, encontrado: {0}"
Experimental,Experimental
Expiration date must be in the future,A data de validade deve ser no futuro
Expire Notification On,Expirar notificação ativada
Expires,Expira
Expires On,Expira em
Export 1 record,Exportar 1 registro
Export Custom Permissions,Exportar permissões personalizadas
Export Customizations,Exportar personalizações
Export Data,Exportar dados
Export Errored Rows,Exportar linhas com erros
Export Import Log,Exportar registro de importação
Export Report: {0},Exportar relatório: {0}
Export all matching rows?,Exportar todas as linhas correspondentes?
Export all {0} rows?,Exportar todas as {0} linhas?
Export as zip,Exportar como zip
Export in Background,Exportar em segundo plano
Export not allowed. You need {0} role to export.,Exportação não permitida. Você precisa da função {0} para exportar.
Export only customizations assigned to the selected module.<br><span class='text-muted'><strong>Note:</strong> You must set the <em>Module (for export)</em> field on Custom Field and Property Setter records before applying this filter.</span><p class='alert alert-warning'> <strong>Warning:</strong> Customizations from other modules will be excluded.</p>,Exporte apenas personalizações atribuídas ao módulo selecionado.<br><span class='text-muted'><strong>Observação:</strong> você deve definir o campo <em>Módulo (para exportação)</em> nos registros Campo personalizado e Configurador de propriedade antes de aplicar este filtro.</span><p class='alert alert-warning'> <strong>Aviso:</strong> As personalizações de outros módulos serão excluídas.</p>
Export the data without any header notes and column descriptions,Exporte os dados sem notas de cabeçalho e descrições de coluna
Export without main header,Exportar sem cabeçalho principal
Export {0} records,Exportar {0} registros
Exported permissions will be force-synced on every migrate overriding any other customization.,"As permissões exportadas serão sincronizadas à força em cada migração, substituindo qualquer outra personalização."
Expression,Expressão
Expression (old style),Expressão (estilo antigo)
External,Externo
External Link,Link Externo
Extra Parameters,Parâmetros extras
FAILURE,FALHA
Facebook,Facebook
Fail,Falhar
Failed Emails,Emails com falha
Failed Job Count,Contagem de trabalhos com falha
Failed Jobs,Trabalhos com falha
Failed Logins (Last 30 days),Logins com falha (últimos 30 dias)
Failed Transactions,Transações com falha
Failed to aquire lock: {}. Lock may be held by another process.,Falha ao adquirir bloqueio: {}. O bloqueio pode ser mantido por outro processo.
Failed to change password.,Falha ao alterar a senha.
Failed to complete setup,Falha ao concluir a configuração
Failed to compute request body: {},Falha ao calcular o corpo da solicitação: {}
Failed to connect to server,Falha ao conectar ao servidor
"Failed to decode token, please provide a valid base64-encoded token.",Falha ao decodificar o token. Forneça um token válido codificado em base64.
Failed to decrypt key {0},Falha ao descriptografar a chave {0}
Failed to delete communication,Falha ao excluir a comunicação
Failed to delete {0} documents: {1},Falha ao excluir {0} documentos: {1}
Failed to enable scheduler: {0},Falha ao ativar o agendador: {0}
Failed to evaluate conditions: {},Falha ao avaliar as condições: {}
Failed to export python type hints,Falha ao exportar dicas de tipo python
Failed to generate names from the series,Falha ao gerar nomes da série
Failed to generate preview of series,Falha ao gerar visualização da série
Failed to get method for command {0} with {1},Falha ao obter o método para o comando {0} com {1}
Failed to get method {0} with {1},Falha ao obter o método {0} com {1}
"Failed to import virtual doctype {}, is controller file present?",Falha ao importar o tipo de documento virtual {}. O arquivo do controlador está presente?
Failed to optimize image: {0},Falha ao otimizar a imagem: {0}
Failed to render message: {},Falha ao renderizar a mensagem: {}
Failed to render subject: {},Falha ao renderizar o assunto: {}
Failed to request login to Frappe Cloud,Falha ao solicitar login no Frappe Cloud
Failed to retrieve the list of IMAP folders from the server. Please ensure the mailbox is accessible and the account has permission to list folders.,Falha ao recuperar a lista de pastas IMAP do servidor. Certifique-se de que a caixa de correio esteja acessível e que a conta tenha permissão para listar pastas.
Failed to send email with subject:,Falha ao enviar Email com assunto:
Failed to send notification email,Falha ao enviar Email de notificação
Failed to update global settings,Falha ao atualizar as configurações globais
Failed while calling API {0},Falha ao chamar a API {0}
Failing Scheduled Jobs (last 7 days),Falha nos trabalhos agendados (últimos 7 dias)
Failure,Falha
Failure Rate,Taxa de falha
FavIcon,FavIcon
Fax,Fax
Feedback,Opinião
Fetch Images,Buscar imagens
Fetch attached images from document,Buscar imagens anexadas do documento
Fetch on Save if Empty,Buscar ao salvar se estiver vazio
Fetching default Global Search documents.,Buscando documentos padrão da Pesquisa Global.
Fetching fields from {0}...,Buscando campos de {0}...
"Field ""route"" is mandatory for Web Views",O campo “rota” é obrigatório para Web Views
"Field ""title"" is mandatory if ""Website Search Field"" is set.","O campo ""título"" é obrigatório se o ""Campo de pesquisa do site"" estiver definido."
"Field ""value"" is mandatory. Please specify value to be updated",O campo “valor” é obrigatório. Especifique o valor a ser atualizado
Field <code>{0}</code> not found in {1},Campo <code>{0}</code> não encontrado em {1}
Field Missing,Campo ausente
Field Name,Nome do campo
Field Orientation (Left-Right),Orientação de campo (esquerda-direita)
Field Orientation (Top-Down),Orientação de campo (de cima para baixo)
Field Template,Modelo de campo
Field Type,Tipo de campo
Field not permitted in query,Campo não permitido na consulta
"Field that represents the Workflow State of the transaction (if field is not present, a new hidden Custom Field will be created)","Campo que representa o Workflow State da transação (caso o campo não esteja presente, será criado um novo Campo Personalizado oculto)"
Field type cannot be changed for {0},O tipo de campo não pode ser alterado para {0}
Field {0} does not exist on {1},O campo {0} não existe em {1}
Field {0} is referring to non-existing doctype {1}.,O campo {0} refere-se ao tipo de documento {1} inexistente.
Field {0} must be a virtual field to support virtual doctype.,O campo {0} deve ser um campo virtual para suportar o tipo de documento virtual.
Field {0} not found.,Campo {0} não encontrado.
Field {0} on document {1} is neither a Mobile number field nor a Customer or User link,O campo {0} no documento {1} não é um campo de número de celular nem um link de cliente ou usuário
Fieldname,Nome do campo
Fieldname '{0}' conflicting with a {1} of the name {2} in {3},Nome do campo '{0}' em conflito com um {1} do nome {2} em {3}
Fieldname called {0} must exist to enable autonaming,O nome do campo chamado {0} deve existir para ativar a nomeação automática
Fieldname is limited to 64 characters ({0}),O nome do campo é limitado a 64 caracteres ({0})
Fieldname not set for Custom Field,Nome do campo não definido para campo personalizado
Fieldname which will be the DocType for this link field.,Fieldname que será o DocType para este campo de link.
Fieldname {0} appears multiple times,O nome do campo {0} aparece várias vezes
Fieldname {0} cannot have special characters like {1},O nome do campo {0} não pode ter caracteres especiais como {1}
Fieldname {0} conflicting with meta object,Nome do campo {0} em conflito com o metaobjeto
Fieldname {0} is restricted,O nome do campo {0} é restrito
Fields,Campos
Fields Multicheck,Verificação múltipla de campos
Fields `file_name` or `file_url` must be set for File,Os campos `file_name` ou `file_url` devem ser definidos para Arquivo
Fields must be a list or tuple when as_list is enabled,Os campos devem ser uma lista ou tupla quando as_list estiver habilitado
"Fields must be a string, list, tuple, pypika Field, or pypika Function","Os campos devem ser uma string, lista, tupla, campo pypika ou função pypika"
"Fields separated by comma (,) will be included in the ""Search By"" list of Search dialog box","Os campos separados por vírgula (,) serão incluídos na lista ""Pesquisar por"" da caixa de diálogo Pesquisar"
Fieldtype,Tipo de campo
Fieldtype cannot be changed from {0} to {1},O tipo de campo não pode ser alterado de {0} para {1}
Fieldtype cannot be changed from {0} to {1} in row {2},Fieldtype não pode ser alterado de {0} para {1} na linha {2}
File,Arquivo
"File ""{0}"" was skipped because of invalid file type","O arquivo ""{0}"" foi ignorado devido a um tipo de arquivo inválido"
"File ""{0}"" was skipped because only {1} uploads are allowed","O arquivo ""{0}"" foi ignorado porque somente {1} uploads são permitidos"
"File ""{0}"" was skipped because only {1} uploads are allowed for DocType ""{2}""","O arquivo ""{0}"" foi ignorado porque somente {1} uploads são permitidos para DocType ""{2}"""
"File ""{0}"" was skipped because size exceeds {1} MB","O arquivo ""{0}"" foi ignorado porque o tamanho excede {1} MB"
File '{0}' not found,Arquivo '{0}' não encontrado
File Manager,Gerenciador de arquivos
File Storage,Armazenamento de arquivos
File Type,Tipo de arquivo
File URL is required when copying an existing attachment.,O URL do arquivo é necessário ao copiar um anexo existente.
File backup is ready,O backup do arquivo está pronto
File name cannot have {0},O nome do arquivo não pode ter {0}
File not attached,Arquivo não anexado
File size exceeded the maximum allowed size of {0} MB,O tamanho do arquivo excedeu o tamanho máximo permitido de {0} MB
File too big,Arquivo muito grande
File type of {0} is not allowed,O tipo de arquivo {0} não é permitido
File upload failed.,Falha no upload do arquivo.
File {0} does not exist,O arquivo {0} não existe
Files,Arquivos
Filter Area,Área de filtro
Filter List,Lista de filtros
Filter Name,Nome do filtro
Filter condition missing after operator: {0},Condição de filtro ausente após o operador: {0}
Filter fields have invalid backtick notation: {0},Os campos de filtro têm notação de crase inválida: {0}
Filter...,Filtro...
Filtered By,Filtrado por
Filtered Records,Registros Filtrados
"Filtered by ""{0}""","Filtrado por ""{0}"""
Filtered by: {0}.,Filtrado por: {0}.
Filters Editor,Editor de filtros
Filters saved,Filtros salvos
"Filters will be accessible via <code>filters</code>. <br><br>Send output as <code>result = [result]</code>, or for old style <code>data = [columns], [result]</code>","Os filtros estarão acessíveis através de <code>filtros</code>. <br><br>Envie a saída como <code>result = [resultado]</code> ou, para o estilo antigo, <code>data = [columns], [resultado]</code>"
Filters {0},Filtros {0}
Filters:,Filtros:
Find '{0}' in ...,Encontre '{0}' em ...
Find {0} in {1},Encontre {0} em {1}
Finished At,Terminado em
First,Primeiro
First Day of the Week,Primeiro dia da semana
First Name,Primeiro nome
First data column must be blank.,A primeira coluna de dados deve estar em branco.
First set the name and save the record.,Primeiro defina o nome e salve o registro.
Fit,Ajustar
Float,Flutuador
Fold can not be at the end of the form,A dobra não pode ficar no final do formulário
Fold must come before a Section Break,A dobra deve vir antes de uma quebra de seção
Folder Name,Nome da pasta
Folder name should not include '/' (slash),O nome da pasta não deve incluir '/' (barra)
Folder {0} is not empty,A pasta {0} não está vazia
Folio,Fólio
Follow,Seguir
Followed by,Seguido pela
Following Report Filters have missing values:,Os seguintes filtros de relatório têm valores ausentes:
Following document {0},Documento seguinte {0}
Following documents are linked with {0},Os documentos a seguir estão vinculados a {0}
Following fields are missing:,Os seguintes campos estão faltando:
Following fields have invalid values:,Os campos a seguir possuem valores inválidos:
Following fields have missing values,Os campos a seguir têm valores ausentes
Following fields have missing values:,Os seguintes campos têm valores ausentes:
Font,Fonte
"Footer ""Powered By""","Rodapé ""Desenvolvido por"""
Footer Based On,Rodapé baseado em
Footer Content,Conteúdo do rodapé
Footer Details,Detalhes do rodapé
Footer HTML set from attachment {0},HTML do rodapé definido do anexo {0}
Footer Image,Imagem do rodapé
Footer Script,Script de rodapé
Footer might not be visible as {0} option is disabled</div>,O rodapé pode não estar visível porque a opção {0} está desativada</div>
For DocType,Para DocType
For DocType Link / DocType Action,Para link DocType/ação DocType
For Document,Para documento
For Document Type,Para tipo de documento
For Example: {} Open,Por exemplo: {} Abrir
For User,Para usuário
"For a dynamic subject, use Jinja tags like this: <code>{{ doc.name }} Delivered</code>","Para um assunto dinâmico, use tags Jinja como esta: <code>{{ doc.name }} Entregue</code>"
"For comparison, use >5, <10 or =324.|||For ranges, use 5:10 (for values between 5 & 10).","Para comparação, use >5, <10 ou =324.|||Para intervalos, use 5:10 (para valores entre 5 e 10)."
"For comparison, use >5, <10 or =324. For ranges, use 5:10 (for values between 5 & 10).","Para comparação, use >5, <10 ou =324. Para intervalos, use 5:10 (para valores entre 5 e 10)."
"For comparison, use >5, <10 or =324.||||For ranges, use 5:10 (for values between 5 & 10).","Para comparação, use >5, <10 ou =324.||||Para intervalos, use 5:10 (para valores entre 5 e 10)."
For example:,Por exemplo:
"For example: If you want to include the document ID, use {0}","Por exemplo: se quiser incluir o ID do documento, use {0}"
"For help see <a href=""https://frappeframework.com/docs/user/en/guides/portal-development/web-forms"" target=""_blank"">Client Script API and Examples</a>","Para obter ajuda, consulte <a href=""https://frappeframework.com/docs/user/en/guides/portal-development/web-forms"" target=""_blank"">API de script de cliente e exemplos</a>"
"For more information, {0}.","Para obter mais informações, {0}."
"For multiple addresses, enter the address on different line. e.g. test@test.com ‚èé test1@test.com","Para vários endereços, insira o endereço em uma linha diferente. por exemplo test@test.com ‚èé test1@test.com"
"For updating, you can update only selective columns.","Para atualização, você pode atualizar apenas colunas seletivas."
For {0} at level {1} in {2} in row {3},Para {0} no nível {1} ​​em {2} na linha {3}
Force Re-route to Default View,Forçar o redirecionamento para a visualização padrão
Force Stop job,Forçar parada do trabalho
Force Web Capture Mode for Uploads,Forçar modo de captura da Web para uploads
Forgot Password?,Esqueceu sua senha?
Form,Forma
Form Builder,Construtor de formulários
Form Dict,Formulário Ditado
Form Tour,Tour do formulário
Form Tour Step,Etapa do tour do formulário
Format,Formatar
Fortnightly,Quinzenal
Forward,Avançar
Forward Query Parameters,Parâmetros de consulta direta
Forward To Email Address,Encaminhar para endereço de Email
Frappe,Chocado
Frappe Blog,Blog Frappé
Frappe Forum,Fórum Frappé
Frappe Framework,Estrutura Frappé
Frappe Light,Golpe Leve
Frappe Mail,Tecla de correio
Frappe Mail OAuth Error,Erro Frappe Mail OAuth
Frappe Mail Site,Site de correio Frappe
Frappe Support,Suporte de ataque
Frappe page builder using components,Construtor de páginas Frappe usando componentes
Free,Livre
Frequency,Freqüência
Friday,Sexta-feira
From,De
From Attach Field,Do campo anexar
From Date,Da data
From Document Type,Do tipo de documento
From Field,Do campo
From User,Do usuário
From version,Da versão
Full Name,Nome completo
Full Page,Página inteira
Function,Função
Function Based On,Função baseada em
Function {0} is not whitelisted.,A função {0} não está na lista de permissões.
Function {0} requires arguments but none were provided,"A função {0} requer argumentos, mas nenhum foi fornecido"
Further sub-groups can only be created under records marked as 'Group',Outros subgrupos só podem ser criados em registros marcados como 'Grupo'
Fw: {0},Fw: {0}
GET,PEGAR
GNU Affero General Public License,Eu trago a Licença Pública Geral GNU
GNU General Public License,Licença Pública Geral GNU
Gantt,Gantt
Gantt View,Visualização de Gantt
Genderqueer,Gêneroqueer
General,Em geral
Generate New Report,Gerar novo relatório
Generate Random Password,Gerar senha aleatória
Generate Separate Documents For Each Assignee,Gere documentos separados para cada cessionário
Generate Tracking URL,Gerar URL de rastreamento
Geo,Geografia
Geoapify,Geoapificar
Geolocation Settings,Configurações de geolocalização
Get Alerts for Today,Receba alertas para hoje
Get Backup Encryption Key,Obtenha a chave de criptografia de backup
Get Fields,Obter campos
Get Header and Footer wkhtmltopdf variables,Obtenha variáveis ​​wkhtmltopdf de cabeçalho e rodapé
Get Items,Obter itens
Get OpenID Configuration,Obtenha a configuração do OpenID
Get PDF,Obter PDF
Get a preview of generated names with a series.,Obtenha uma prévia dos nomes gerados com uma série.
Get notified when an email is received on any of the documents assigned to you.,Seja notificado quando um Email for recebido sobre qualquer um dos documentos atribuídos a você.
Getting Started,Começando
Git Branch,Ramo Git
GitHub,GitHub
Github flavoured markdown syntax,Sintaxe de markdown com sabor do Github
Global Search DocType,Tipo de documento de pesquisa global
Global Search Document Types Reset.,Redefinição de tipos de documentos de pesquisa global.
Global Search Settings,Configurações de pesquisa global
Global Shortcuts,Atalhos globais
Go,Ir
Go Back,Volte
Go to Login Required field,Vá para o campo Login obrigatório
Go to Notification Settings List,Vá para a lista de configurações de notificação
Go to Workflow,Vá para o fluxo de trabalho
Go to Workspace,Vá para a área de trabalho
Go to next record,Ir para o próximo registro
Go to previous record,Ir para o registro anterior
Go to the document,Vá para o documento
Go to this URL after completing the form,Vá para este URL após preencher o formulário
Go to {0},Vá para {0}
Go to {0} List,Vá para a lista {0}
Go to {0} Page,Vá para a página {0}
Goal,Meta
Google,Google
Google Analytics anonymise IP,Google Analytics anonimiza IP
Google Calendar,Google Agenda
"Google Calendar - Could not create Calendar for {0}, error code {1}.","Google Agenda - Não foi possível criar a Agenda para {0}, código de erro {1}."
"Google Calendar - Could not delete Event {0} from Google Calendar, error code {1}.","Google Agenda - Não foi possível excluir o evento {0} do Google Agenda, código de erro {1}."
"Google Calendar - Could not fetch event from Google Calendar, error code {0}.","Google Agenda - Não foi possível buscar o evento do Google Agenda, código de erro {0}."
"Google Calendar - Could not insert contact in Google Contacts {0}, error code {1}.","Google Agenda - Não foi possível inserir o contato nos Contatos do Google {0}, código de erro {1}."
"Google Calendar - Could not insert event in Google Calendar {0}, error code {1}.","Google Agenda - Não foi possível inserir evento no Google Agenda {0}, código de erro {1}."
"Google Calendar - Could not update Event {0} in Google Calendar, error code {1}.","Google Agenda - Não foi possível atualizar o evento {0} no Google Agenda, código de erro {1}."
Google Calendar has been configured.,O Google Agenda foi configurado.
Google Contacts,Contatos do Google
"Google Contacts - Could not sync contacts from Google Contacts {0}, error code {1}.","Contatos do Google - Não foi possível sincronizar os contatos dos Contatos do Google {0}, código de erro {1}."
"Google Contacts - Could not update contact in Google Contacts {0}, error code {1}.","Contatos do Google - Não foi possível atualizar o contato nos Contatos do Google {0}, código de erro {1}."
Google Contacts Id,ID dos Contatos do Google
Google Drive,Google Drive
Google Drive Picker,Seletor do Google Drive
Google Drive Picker Enabled,Seletor do Google Drive ativado
Google Font,Fonte do Google
Google Meet Link,Link do Google Meet
Google Settings,Configurações do Google
Google Sheets URL is invalid or not publicly accessible.,O URL do Planilhas Google é inválido ou não está acessível publicamente.
"Google Sheets URL must end with ""gid={number}"". Copy and paste the URL from the browser address bar and try again.","O URL do Planilhas Google deve terminar com ""gid={number}"". Copie e cole o URL da barra de endereço do navegador e tente novamente."
Grant Type,Tipo de concessão
Graph,Gráfico
Gray,Cinza
Greater Than,Maior que
Greater Than Or Equal To,Maior ou igual a
Green,Verde
Grid Empty State,Estado vazio da grade
Grid Page Length,Comprimento da página da grade
Grid Shortcuts,Atalhos de grade
Group,Grupo
Group By,Agrupar por
Group By field is required to create a dashboard chart,O campo Agrupar por é obrigatório para criar um gráfico de painel
Group By must be a string,Group By deve ser uma string
Group Object Class,Classe de objeto de grupo
Grouped by <span style='font-weight:600;'>{0}</b>,Agrupado por <span style='font-weight:600;'>{0}</b>
Guidelines and policies on vulnerability reporting. Defaults to `https://frappe.io/security`,Diretrizes e políticas sobre relatórios de vulnerabilidades. O padrão é `https://frappe.io/security`
HEAD,CABEÇA
HERE,AQUI
HH:mm:ss,HH:mm:ss
HTML,HTML
HTML Message,Mensagem HTML
HTML with jinja support,HTML com suporte a jinja
Half Day,Meio dia
Half Yearly,Semestralmente
Half-yearly,Semestralmente
Handled Emails,Emails tratados
Has  Attachment,Tem anexo
Has Attachments,Possui anexos
Has Domain,Tem domínio
Has Next Condition,Tem a próxima condição
Has Role,Tem função
Has Setup Wizard,Possui assistente de configuração
Has Web View,Possui visualização na Web
Have an account? Login,Tem uma conta? Conecte-se
Header HTML set from attachment {0},HTML do cabeçalho definido do anexo {0}
Header Icon,Ícone de cabeçalho
Header Script,Script de cabeçalho
Header and Breadcrumbs,Cabeçalho e pão ralado
"Header, Robots","Cabeçalho, Robôs"
Header/Footer scripts can be used to add dynamic behaviours.,Scripts de cabeçalho/rodapé podem ser usados ​​para adicionar comportamentos dinâmicos.
Headers must be a dictionary,Os cabeçalhos devem ser um dicionário
Heading,Cabeçalho
Hello,Olá
Help,Ajuda
Help Article,Artigo de ajuda
Help Articles,Artigos de ajuda
Help Category,Categoria de ajuda
Help Dropdown,Menu suspenso de ajuda
"Help: To link to another record in the system, use ""/desk/note/[Note Name]"" as the Link URL. (don't use ""http://"")","Ajuda: Para vincular a outro registro no sistema, use ""/desk/note/[Nome da nota]"" como URL do link. (não use ""http://"")"
Helpful,Útil
Helvetica,Helvética
Helvetica Neue,Helvética Neue
Here's your tracking URL,Este é o seu URL de rastreamento
Hi {0},Olá {0}
Hidden,Escondido
Hidden Fields,Campos Ocultos
Hidden columns include: <br> {0},As colunas ocultas incluem: <br> {0}
Hide,Esconder
Hide Buttons,Ocultar botões
Hide Custom DocTypes and Reports,Ocultar DocTypes e relatórios personalizados
Hide Descendants,Ocultar descendentes
Hide Empty Read-Only Fields,Ocultar campos somente leitura vazios
Hide Error,Ocultar erro
Hide Label,Ocultar rótulo
Hide Login,Ocultar login
Hide Preview,Ocultar visualização
"Hide Previous, Next and Close button on highlight dialog.","Ocultar os botões Anterior, Próximo e Fechar na caixa de diálogo de destaque."
"Hide Sidebar, Menu, and Comments","Ocultar barra lateral, menu e comentários"
Hide Standard Menu,Ocultar menu padrão
Hide Weekends,Ocultar fins de semana
Hide descendant records of <b>For Value</b>.,Ocultar registros descendentes de <b>For Value</b>.
Hide details,Ocultar detalhes
Hide footer,Ocultar rodapé
Hide footer in auto email reports,Ocultar rodapé em relatórios automáticos por Email
Hide footer signup,Ocultar inscrição no rodapé
Hide navbar,Ocultar barra de navegação
High,Alto
"Hint: Include symbols, numbers and capital letters in the password","Dica: inclua símbolos, números e letras maiúsculas na senha"
Home,Home
Home/Test Folder 1,Pasta inicial/teste 1
Home/Test Folder 1/Test Folder 3,Início/Pasta de Teste 1/Pasta de Teste 3
Home/Test Folder 2,Pasta inicial/teste 2
Hourly Maintenance,Manutenção por hora
Human-readable name intended for display to the end user.,Nome legível para ser exibido ao usuário final.
ID,ID
ID (name),ID (nome)
ID (name) of the entity whose property is to be set,ID (nome) da entidade cuja propriedade será definida
"IDs must contain only alphanumeric characters, not contain spaces, and should be unique.","Os IDs devem conter apenas caracteres alfanuméricos, não conter espaços e devem ser exclusivos."
IMAP Details,Detalhes IMAP
IMAP Folder,Pasta IMAP
IMAP Folder Not Found,Pasta IMAP não encontrada
IMAP Folder Validation Failed,Falha na validação da pasta IMAP
IMAP Folder name cannot be empty.,O nome da pasta IMAP não pode estar vazio.
Icon Image,Imagem do ícone
Icon Style,Estilo do ícone
Icon Type,Tipo de ícone
Icon is not correctly configured please check the workspace sidebar to it,"O ícone não está configurado corretamente, verifique a barra lateral da área de trabalho para ele"
Idx,Idx
"If Apply Strict User Permission is checked and User Permission is defined for a DocType for a User, then all the documents where value of the link is blank, will not be shown to that User","Se Aplicar permissão estrita de usuário estiver marcada e Permissão de usuário estiver definida para um DocType para um usuário, todos os documentos onde o valor do link estiver em branco não serão mostrados para esse usuário"
If Checked workflow status will not override status in list view,Se o status do fluxo de trabalho verificado não substituirá o status na exibição de lista
If Owner,Se proprietário
"If a Role does not have access at Level 0, then higher levels are meaningless.","Se uma função não tiver acesso no nível 0, os níveis superiores não terão sentido."
"If checked, a confirmation will be required before performing workflow actions.","Se marcada, será necessária uma confirmação antes de executar ações de fluxo de trabalho."
"If checked, negative numeric values of Currency, Quantity or Count would be shown as positive","Se marcada, os valores numéricos negativos de Moeda, Quantidade ou Contagem serão mostrados como positivos"
"If checked, users will not see the Confirm Access dialog.","Se marcada, os usuários não verão a caixa de diálogo Confirmar acesso."
"If enabled,  user can login from any IP Address using Two Factor Auth, this can also be set for all users in System Settings","Se ativado, o usuário pode fazer login a partir de qualquer endereço IP usando autenticação de dois fatores; isso também pode ser definido para todos os usuários nas configurações do sistema"
"If enabled, all responses on the web form will be submitted anonymously","Se ativado, todas as respostas no formulário da web serão enviadas anonimamente"
"If enabled, all users can login from any IP Address using Two Factor Auth. This can also be set only for specific user(s) in User Page","Se ativado, todos os usuários podem fazer login a partir de qualquer endereço IP usando Two Factor Auth. Isso também pode ser definido apenas para usuários específicos na página do usuário"
"If enabled, only System Managers can upload public files. Other users can't see the checkbox <i>Is Private</i> in the upload dialog.","Se ativado, apenas os gerentes do sistema poderão fazer upload de arquivos públicos. Outros usuários não podem ver a caixa de seleção <i>É privado</i> na caixa de diálogo de upload."
"If enabled, the password strength will be enforced based on the Minimum Password Score value. A value of 1 being very weak and 4 being very strong.","Se ativado, a força da senha será aplicada com base no valor da Pontuação Mínima da Senha. Um valor de 1 sendo muito fraco e 4 sendo muito forte."
"If enabled, users who login from Restricted IP Address, won't be prompted for Two Factor Auth","Se ativado, os usuários que fizerem login a partir do endereço IP restrito não serão solicitados a autenticação de dois fatores"
"If left empty, the default workspace will be the last visited workspace","Se deixado em branco, o espaço de trabalho padrão será o último espaço de trabalho visitado"
"If non standard port (e.g. 587). If on Google Cloud, try port 2525.","Se a porta não for padrão (por exemplo, 587). Se estiver no Google Cloud, tente a porta 2525."
"If non-standard port (e.g. POP3: 995/110, IMAP: 993/143)","Se a porta não for padrão (por exemplo, POP3: 995/110, IMAP: 993/143)"
"If set, only user with these roles can access this chart. If not set, DocType or Report permissions will be used.","Se definido, somente usuários com essas funções poderão acessar este gráfico. Se não for definido, as permissões DocType ou Report serão usadas."
"If the user enables the mask property for the phone number field, the value will be displayed in a masked format (e.g., 811XXXXXXX).","Se o usuário habilitar a propriedade máscara para o campo de número de telefone, o valor será exibido em formato mascarado (por exemplo, 811XXXXXXX)."
"If the user has access to Employee and Report is enabled, they can view Employee-based reports.","Se o usuário tiver acesso a Funcionário e o Relatório estiver habilitado, ele poderá visualizar relatórios baseados em Funcionário."
"If the user has any role checked, then the user becomes a ""System User"". ""System User"" has access to the desktop","Se o usuário tiver alguma função marcada, ele se tornará um ""Usuário do Sistema"". ""Usuário do sistema"" tem acesso à área de trabalho"
"If these instructions where not helpful, please add in your suggestions on GitHub Issues.","Se essas instruções não forem úteis, adicione suas sugestões sobre problemas do GitHub."
"If this email is registered with us, we have sent password reset instructions to it. Please check your inbox.","Se este Email estiver registrado conosco, enviamos instruções de redefinição de senha para ele. Por favor, verifique sua caixa de entrada."
"If this was a mistake or you need access again, please reach out to your team.","Se isso foi um erro ou se você precisar acessar novamente, entre em contato com sua equipe."
"If unchecked, the value will always be re-fetched on save.","Se desmarcado, o valor sempre será buscado novamente ao salvar."
"If you are updating, please select ""Overwrite"" else existing rows will not be deleted.","Se você estiver atualizando, selecione ""Substituir"", caso contrário as linhas existentes não serão excluídas."
"If you are uploading new records, ""Naming Series"" becomes mandatory, if present.","Se você estiver enviando novos registros, a ""Série de Nomenclatura"" torna-se obrigatória, se presente."
"If you are uploading new records, leave the ""name"" (ID) column blank.","Se você estiver enviando novos registros, deixe a coluna “nome” (ID) em branco."
"If you have any questions, reach out to your system administrator.","Se você tiver alguma dúvida, entre em contato com o administrador do sistema."
"If you have recently restored the site, you may need to copy the site_config.json containing the original encryption key.","Se você restaurou o site recentemente, pode ser necessário copiar o site_config.json que contém a chave de criptografia original."
"If you set this, this Item will come in a drop-down under the selected parent.","Se você definir isso, este item aparecerá em uma lista suspensa abaixo do pai selecionado."
"If you think this is unauthorized, please change the Administrator password.","Se você acha que isso não é autorizado, altere a senha do administrador."
"If your CSV uses a different delimiter, add that character here, ensuring no spaces or additional characters are included.","Se o seu CSV usar um delimitador diferente, adicione esse caractere aqui, garantindo que nenhum espaço ou caractere adicional seja incluído."
"If your data is in HTML, please copy paste the exact HTML code with the tags.","Se seus dados estiverem em HTML, copie e cole o código HTML exato com as tags."
Ignore User Permissions,Ignorar permissões do usuário
Illegal Document Status for {0},Status de documento ilegal para {0}
Illegal SQL Query,Consulta SQL ilegal
Illegal template,Modelo ilegal
Image Height (px),Altura da imagem (px)
Image View,Visualização de imagem
Image Width (px),Largura da imagem (px)
Image field must be a valid fieldname,O campo da imagem deve ser um nome de campo válido
Image field must be of type Attach Image,O campo de imagem deve ser do tipo Anexar imagem
Image link '{0}' is not valid,O link da imagem '{0}' não é válido
Image optimized,Imagem otimizada
Image: Corrupted Data Stream,Imagem: Fluxo de dados corrompido
Images,Imagens
Impersonate,Personificar
Impersonate as {0},Personificar como {0}
Impersonated by {0},Representado por {0}
Impersonating {0},Personificando {0}
Implement `clear_old_logs` method to enable auto error clearing.,Implemente o método `clear_old_logs` para ativar a limpeza automática de erros.
Import,Importar
Import Email From,Importar Email de
Import Log,Registro de importação
Import Progress,Progresso da importação
Import Subscribers,Importar assinantes
Import Type,Tipo de importação
Import Zip,Importar CEP
"Import template should be of type .csv, .xlsx or .xls","O modelo de importação deve ser do tipo .csv, .xlsx ou .xls"
Import template should contain a Header and atleast one row.,O modelo de importação deve conter um cabeçalho e pelo menos uma linha.
"Import timed out, please re-try.",A importação expirou. Tente novamente.
Importing {0} is not allowed.,A importação de {0} não é permitida.
Importing {0} of {1},Importando {0} de {1}
"Importing {0} of {1}, {2}","Importando {0} de {1}, {2}"
In,Em
In Grid View,Na visualização em grade
In List Filter,No filtro de lista
In List View,Na visualização de lista
In Minutes,Em minutos
In Progress,Em andamento
In Read Only Mode,No modo somente leitura
Inactive,Inativo
Inbox,Caixa de entrada
Inbox User,Usuário da caixa de entrada
Inbox View,Visualização da caixa de entrada
Include Disabled,Incluir desativado
Include Name Field,Incluir campo de nome
Include Theme from Apps,Incluir tema de aplicativos
Include Web View Link in Email,Incluir link de visualização da Web no Email
Include filters,Incluir filtros
Include hidden columns,Incluir colunas ocultas
Include indentation,Incluir recuo
"Include symbols, numbers and capital letters in the password","Incluir símbolos, números e letras maiúsculas na senha"
Incoming,Entrada
Incoming (POP/IMAP) Settings,Configurações de entrada (POP/IMAP)
Incoming Emails (Last 7 days),Emails recebidos (últimos 7 dias)
Incoming Server,Servidor de entrada
Incoming Settings,Configurações de entrada
Incoming email account not correct,A conta de Email recebida não está correta
Incomplete Virtual Doctype Implementation,Implementação incompleta do tipo de documento virtual
Incomplete login details,Detalhes de login incompletos
Incorrect Configuration,Configuração incorreta
Incorrect URL,URL incorreto
Incorrect User or Password,Usuário ou senha incorretos
Incorrect Verification code,Código de verificação incorreto
Incorrect value in row {0}:,Valor incorreto na linha {0}:
Incorrect value:,Valor incorreto:
Indent,Recuar
Index,Índice
Index Web Pages for Search,Indexar páginas da web para pesquisa
Index created successfully on column {0} of doctype {1},Índice criado com sucesso na coluna {0} do tipo de documento {1}
Indexing authorization code,Código de autorização de indexação
Indexing refresh token,Token de atualização de indexação
Indicator Color,Cor do Indicador
Indicator color,Cor do indicador
Info:,Informações:
InnoDB,InnoDB
Input existing role name if you would like to extend it with access of another role.,Insira o nome da função existente se desejar estendê-la com acesso a outra função.
Insert,Inserir
Insert Above,Inserir acima
Insert After,Inserir depois
Insert After cannot be set as {0},Inserir depois não pode ser definido como {0}
"Insert After field '{0}' mentioned in Custom Field '{1}', with label '{2}', does not exist","Inserir após o campo '{0}' mencionado no campo personalizado '{1}', com rótulo '{2}', não existe"
Insert Below,Inserir abaixo
Insert Column Before {0},Inserir coluna antes de {0}
Insert Image in Markdown,Inserir imagem no Markdown
Instagram,Instagram
Install {0} from Marketplace,Instale {0} do Marketplace
Installed Application,Aplicativo instalado
Installed Applications,Aplicativos instalados
Installed Apps,Aplicativos instalados
Instructions,Instruções
Instructions Emailed,Instruções enviadas por Email
Insufficient Permission Level for {0},Nível de permissão insuficiente para {0}
Insufficient Permission for {0},Permissão insuficiente para {0}
Insufficient Permissions for deleting Report,Permissões insuficientes para exclusão de relatório
Insufficient Permissions for editing Report,Permissões insuficientes para edição do relatório
Insufficient attachment limit,Limite de anexos insuficiente
Integration Request,Solicitação de Integração
Integrations can use this field to set email delivery status,As integrações podem usar este campo para definir o status de entrega de Email
Inter,Internacional
Interests,Interesses
Intermediate,Intermediário
Internal Server Error,Erro do Servidor Interno
Internal record of document shares,Registro interno de compartilhamentos de documentos
Interval,Intervalo
Intro Video URL,URL do vídeo de introdução
Introduction,Introdução
Introspection URI,URI de introspecção
Invalid,Inválido
"Invalid ""depends_on"" expression","Expressão ""depends_on"" inválida"
"Invalid ""depends_on"" expression set in filter {0}","Expressão ""depends_on"" inválida definida no filtro {0}"
"Invalid ""mandatory_depends_on"" expression","Expressão ""mandatory_depends_on"" inválida"
Invalid Action,Ação inválida
Invalid CSV Format,Formato CSV inválido
Invalid Code. Please try again.,"Código inválido. Por favor, tente novamente."
Invalid Condition: {},Condição inválida: {}
Invalid Credentials,Credenciais inválidas
Invalid Credentials for Email Account: {0},Credenciais inválidas para conta de Email: {0}
Invalid Date,Data inválida
Invalid DocType,Tipo de documento inválido
Invalid DocType: {0},Tipo de documento inválido: {0}
Invalid Doctype,Tipo de documento inválido
Invalid Fieldname,Nome de campo inválido
Invalid File URL,URL de arquivo inválido
Invalid Filter,Filtro inválido
Invalid Filter Format for field {0} of type {1}. Try using filter icon on the field to set it correctly,Formato de filtro inválido para o campo {0} do tipo {1}. Tente usar o ícone de filtro no campo para configurá-lo corretamente
Invalid Filter Value,Valor de filtro inválido
Invalid Home Page,Página inicial inválida
Invalid Link,Link inválido
Invalid Login Token,Token de login inválido
Invalid Login. Try again.,Login inválido. Tente novamente.
Invalid Mail Server. Please rectify and try again.,Servidor de email inválido. Corrija e tente novamente.
Invalid Naming Series: {},Série de nomenclatura inválida: {}
Invalid Operation,Operação inválida
Invalid Option,Opção inválida
Invalid Outgoing Mail Server or Port: {0},Servidor ou porta de saída de Email inválido: {0}
Invalid Output Format,Formato de saída inválido
Invalid Override,Substituição inválida
Invalid Parameters.,Parâmetros inválidos.
Invalid Password,Senha inválida
Invalid Phone Number,Número de telefone inválido
Invalid Request,Solicitação inválida
Invalid Search Field {0},Campo de pesquisa inválido {0}
Invalid Table Fieldname,Nome de campo da tabela inválido
Invalid Transition,Transição inválida
Invalid URL,URL inválido
Invalid User Name or Support Password. Please rectify and try again.,Nome de usuário ou senha de suporte inválidos. Corrija e tente novamente.
Invalid Values,Valores inválidos
Invalid Webhook Secret,Segredo do Webhook inválido
Invalid aggregate function,Função agregada inválida
Invalid alias format: {0}. Alias must be a simple identifier.,Formato de alias inválido: {0}. O alias deve ser um identificador simples.
Invalid app,Aplicativo inválido
Invalid argument format: {0}. Only quoted string literals or simple field names are allowed.,Formato de argumento inválido: {0}. Somente literais de strings entre aspas ou nomes de campos simples são permitidos.
"Invalid argument type: {0}. Only strings, numbers, dicts, and None are allowed.","Tipo de argumento inválido: {0}. Somente strings, números, dictos e Nenhum são permitidos."
"Invalid characters in fieldname: {0}. Only letters, numbers, and underscores are allowed.","Caracteres inválidos no nome do campo: {0}. Somente letras, números e sublinhados são permitidos."
Invalid column,Coluna inválida
Invalid condition type in nested filters: {0},Tipo de condição inválido em filtros aninhados: {0}
Invalid direction in Order By: {0}. Must be 'ASC' or 'DESC'.,Direção inválida em Ordenar por: {0}. Deve ser 'ASC' ou 'DESC'.
Invalid docstatus,Status de documento inválido
Invalid expression in Workflow Update Value: {0},Expressão inválida no valor de atualização do fluxo de trabalho: {0}
Invalid expression set in filter {0},Expressão inválida definida no filtro {0}
Invalid expression set in filter {0} ({1}),Expressão inválida definida no filtro {0} ({1})
"Invalid field format for SELECT: {0}. Field names must be simple, backticked, table-qualified, aliased, or '*'.","Formato de campo inválido para SELECT: {0}. Os nomes dos campos devem ser simples, com crase, qualificados para tabela, com alias ou '*'."
"Invalid field format in {0}: {1}. Use 'field', 'link_field.field', or 'child_table.field'.","Formato de campo inválido em {0}: {1}. Use 'campo', 'link_field.field' ou 'child_table.field'."
Invalid field name {0},Nome de campo inválido {0}
Invalid field type: {0},Tipo de campo inválido: {0}
Invalid fieldname '{0}' in autoname,Nome de campo '{0}' inválido no nome automático
Invalid file path: {0},Caminho de arquivo inválido: {0}
Invalid filter condition: {0}. Expected a list or tuple.,Condição de filtro inválida: {0}. Esperava uma lista ou tupla.
Invalid filter field format: {0}. Use 'fieldname' or 'link_fieldname.target_fieldname'.,Formato de campo de filtro inválido: {0}. Use 'nome_campo' ou 'nome_campo_link.nome_campo_alvo'.
Invalid filter: {0},Filtro inválido: {0}
"Invalid function argument type: {0}. Only strings, numbers, lists, and None are allowed.","Tipo de argumento de função inválido: {0}. Somente strings, números, listas e Nenhum são permitidos."
Invalid input,Entrada inválida
Invalid json added in the custom options: {0},JSON inválido adicionado nas opções personalizadas: {0}
Invalid key,Chave inválida
Invalid name type (integer) for varchar name column,Tipo de nome inválido (inteiro) para coluna de nome varchar
Invalid naming series {}: dot (.) missing,Série de nomenclatura inválida {}: ponto (.) ausente
Invalid naming series {}: dot (.) missing before the numeric placeholders. Kindly use a format like <b>ABCD.#####</b>.,"Série de nomenclatura inválida {}: ponto (.) ausente antes dos espaços reservados numéricos. Por favor, use um formato como <b>ABCD.#####</b>."
Invalid nested expression: dictionary must represent a function or operator,Expressão aninhada inválida: o dicionário deve representar uma função ou operador
Invalid or corrupted content for import,Conteúdo inválido ou corrompido para importação
Invalid redirect regex in row #{}: {},Regex de redirecionamento inválida na linha #{}: {}
Invalid request arguments,Argumentos de solicitação inválidos
Invalid request body,Corpo da solicitação inválido
Invalid role,Função inválida
Invalid simple filter format: {0},Formato de filtro simples inválido: {0}
Invalid start for filter condition: {0}. Expected a list or tuple.,Início inválido para condição de filtro: {0}. Esperava uma lista ou tupla.
Invalid template file for import,Arquivo de modelo inválido para importação
Invalid token state! Check if the token has been created by the OAuth user.,Estado do token inválido! Verifique se o token foi criado pelo usuário OAuth.
Invalid username or password,Nome de usuário ou senha inválidos
Invalid value specified for UUID: {},Valor inválido especificado para UUID: {}
Invalid values for fields:,Valores inválidos para campos:
Invalid wkhtmltopdf version,Versão wkhtmltopdf inválida
Invalid {0} condition,Condição {0} inválida
Invalid {0} dictionary format,Formato de dicionário {0} inválido
Invitation already accepted,Convite já aceito
Invitation already exists,O convite já existe
Invitation cannot be cancelled,O convite não pode ser cancelado
Invitation is cancelled,O convite foi cancelado
Invitation is expired,O convite expirou
Invitation not found,Convite não encontrado
Invitation to join {0} cancelled,Convite para participar de {0} cancelado
Invitation to join {0} expired,O convite para participar de {0} expirou
Invite as User,Convidar como usuário
Is Active,Está ativo
Is Billing Contact,Contato de cobrança
Is Calendar and Gantt,É Calendário e Gantt
Is Child Table,É mesa infantil
Is Current,É atual
Is Custom,É personalizado
Is Dynamic URL?,É URL dinâmico?
Is Global,É Global
Is Hidden,Está oculto
Is Home Folder,É a pasta inicial
Is Primary Address,É o endereço principal
Is Published Field must be a valid fieldname,O campo É Publicado deve ser um nome de campo válido
Is Query Report,É relatório de consulta
Is Remote Request?,É solicitação remota?
Is Setup Complete?,A configuração está concluída?
Is Single,É solteiro
Is Spam,É spam
Is Submittable,É submissível
Is System Generated,O sistema é gerado
Is Table Field,É campo de tabela
Is Virtual,É virtual
Is Your Company Address,É o endereço da sua empresa
Is standard,É padrão
It is risky to delete this file: {0}. Please contact your System Manager.,É arriscado excluir este arquivo: {0}. Entre em contato com o gerente do sistema.
It is too late to undo this email. It is already being sent.,É tarde demais para desfazer este Email. Já está sendo enviado.
Item Label,Etiqueta do item
Item Type,Tipo de item
Item cannot be added to its own descendants,O item não pode ser adicionado aos seus próprios descendentes
JS,JS
JS Message,Mensagem JS
JSON,JSON
Jane Doe,Jane Doe
JavaScript,JavaScript
JavaScript Format: frappe.query_reports['REPORTNAME'] = {},Formato JavaScript: frappe.query_reports['REPORTNAME'] = {}
Javascript,JavaScript
Javascript is disabled on your browser,Javascript está desabilitado em seu navegador
Jinja,Jinja
Job ID,ID do trabalho
Job Id,ID do trabalho
Job Info,Informações do trabalho
Job Name,Nome do trabalho
Job Status,Status do trabalho
Job Stopped Successfully,Trabalho interrompido com sucesso
Job is in {0} state and can't be cancelled,A tarefa está no estado {0} e não pode ser cancelada
Job is not running.,O trabalho não está em execução.
Job stopped successfully,Trabalho interrompido com sucesso
Join video conference with {0},Participe de videoconferência com {0}
Jump to field,Ir para o campo
K,K
Kanban,Kanban
Kanban Board,Quadro Kanban
Kanban Board Column,Coluna do quadro Kanban
Kanban Board Name,Nome do quadro Kanban
Kanban Settings,Configurações Kanban
Kanban View,Visualização Kanban
Keep Closed,Manter fechado
Keep track of all update feeds,Acompanhe todos os feeds de atualização
Keeps track of all communications,Mantém o controle de todas as comunicações
Keyboard Shortcuts,Atalhos de teclado
Keycloak,Capa de chave
Kh,Kh
Knowledge Base,Base de conhecimento
Knowledge Base Contributor,Colaborador da Base de Conhecimento
Knowledge Base Editor,Editor da Base de Conhecimento
L,eu
LDAP Auth,Autenticação LDAP
LDAP Custom Settings,Configurações personalizadas de LDAP
LDAP Email Field,Campo de Email LDAP
LDAP Group Mapping,Mapeamento de grupo LDAP
LDAP Group Member attribute,Atributo de membro do grupo LDAP
LDAP Not Installed,LDAP não instalado
"LDAP Search String must be enclosed in '()' and needs to contian the user placeholder {0}, eg sAMAccountName={0}","A string de pesquisa LDAP deve ser colocada entre '()' e precisa conter o espaço reservado do usuário {0}, por exemplo, sAMAccountName={0}"
LDAP Search and Paths,Pesquisa e caminhos LDAP
LDAP Server Settings,Configurações do servidor LDAP
LDAP Server Url,URL do servidor LDAP
LDAP Settings,Configurações LDAP
LDAP is not enabled.,LDAP não está habilitado.
LDAP search path for Groups,Caminho de pesquisa LDAP para grupos
LDAP search path for Users,Caminho de pesquisa LDAP para usuários
LDAP settings incorrect. validation response was: {0},Configurações LDAP incorretas. a resposta de validação foi: {0}
Label is mandatory,A etiqueta é obrigatória
Landscape,Paisagem
Language,Linguagem
Last,Durar
Last 10 active users,Últimos 10 usuários ativos
Last 14 Days,Últimos 14 dias
Last 30 Days,Últimos 30 dias
Last 7 Days,Últimos 7 dias
Last 90 Days,Últimos 90 dias
Last Edited by You,Última edição feita por você
Last Edited by {0},Editado pela última vez por {0}
Last Heartbeat,Última pulsação
Last Modified Date,Data da última modificação
Last Modified On,Última modificação em
Last Name,Sobrenome
Last Received At,Recebido pela última vez em
Last Reset Password Key Generated On,Chave da última redefinição de senha gerada em
Last Run,Última execução
Last Updated,Última atualização
Last Updated By,Última atualização por
Last Updated On,Última atualização em
Last synced {0},Última sincronização {0}
Layout,Disposição
Layout Reset,Redefinição de layout
"Layout will be reset to standard layout, are you sure you want to do this?",O layout será redefinido para o layout padrão. Tem certeza de que deseja fazer isso?
Lead Conversion Time,Tempo de conversão de leads
Learn more,Saber mais
Leave this conversation,Sair desta conversa
Ledger,Razão
Left Bottom,Inferior Esquerdo
Left Center,Centro Esquerdo
Left this conversation,Saiu desta conversa
Legal,Jurídico
Length,Comprimento
Length of passed data array is greater than value of maximum allowed label points!,O comprimento da matriz de dados passada é maior que o valor máximo de pontos de rótulo permitidos!
Length of {0} should be between 1 and 1000,O comprimento de {0} deve estar entre 1 e 1.000
Less,Menos
Less Than,Menor que
Less Than Or Equal To,Menor ou igual a
Let us continue with the onboarding,Vamos continuar com a integração
Let's Get Started,Vamos começar
Let's avoid repeated words and characters,Vamos evitar palavras e caracteres repetidos
Let's set up your account,Vamos configurar sua conta
Let's take you back to onboarding,Vamos levá-lo de volta à integração
Letter Head,Cabeçalho
Letter Head Scripts,Scripts de cabeçalho
Letter Head cannot be both disabled and default,O cabeçalho não pode ser desabilitado e padrão
Level,Nível
"Level 0 is for document level permissions, higher levels for field level permissions.","O nível 0 é para permissões em nível de documento, níveis mais altos para permissões em nível de campo."
Library,Biblioteca
License,Licença
License Type,Tipo de licença
Light,Luz
Light Blue,Azul claro
Light Theme,Tema claro
Liked,Apreciado
Liked By,Curtido por
Liked by me,Curtido por mim
Liked by {0} people,Curtido por {0} pessoas
Likes,Curtidas
Limit must be a non-negative integer,O limite precisa ser um número inteiro não negativo
Link,Link
Link Count,Contagem de links
Link Details,Detalhes do link
Link DocType,Tipo de documento de link
Link Document Type,Vincular tipo de documento
Link Expired,Link expirado
Link Field Results Limit,Limite de resultados do campo de link
Link Filters,Filtros de links
Link To in Row,Link para na linha
Link Type,Tipo de link
Link Type in Row,Tipo de link na linha
"Link for About Us Page is ""/about"".","O link para a página Sobre nós é ""/about""."
"Link that is the website home page. Standard Links (home, login, products, blog, about, contact)","Link que é a página inicial do site. Links padrão (home, login, produtos, blog, sobre, contato)"
Linked with {0},Vinculado a {0}
LinkedIn,LinkedIn
Links,Ligações
List / Search Settings,Configurações de lista/pesquisa
List Columns,Listar colunas
List Filter,Filtro de lista
List Settings,Configurações de lista
List View,Visualização de lista
List View Settings,Configurações de visualização de lista
List a document type,Liste um tipo de documento
"List as [{""label"": _(""Jobs""), ""route"":""jobs""}]","Listar como [{""label"": _(""Jobs""), ""route"":""jobs""}]"
"List of email addresses, separated by comma or new line.","Lista de endereços de email, separados por vírgula ou nova linha."
List of patches executed,Lista de patches executados
List setting message,Mensagem de configuração de lista
Lists,Listas
Load More Communications,Carregar mais comunicações
Load more,Carregar mais
Loading,Carregando
Loading Filters...,Carregando filtros...
Loading import file...,Carregando arquivo de importação...
Loading versions...,Carregando versões...
Loading...,Carregando...
Location,Localização
Log API Requests,Registrar solicitações de API
Log Data,Dados de registro
Log DocType,Tipo de documento de registro
Log In To {0},Faça login em {0}
Log Index,Índice de registro
Log Setting User,Usuário de configuração de registro
Log Settings,Configurações de registro
Log in to access this page.,Faça login para acessar esta página.
Log out,Sair
Logged Out,Desconectado
Login,Conecte-se
Login After,Entrar depois
Login Before,Faça login antes
Login Failed please try again,"Falha no login, tente novamente"
Login Id is required,O ID de login é obrigatório
Login Methods,Métodos de login
Login Page,Página de login
Login To {0},Faça login em {0}
Login Verification Code from {},Código de verificação de login de {}
Login and view in Browser,Faça login e visualize no navegador
Login is required to see web form list view. Enable {0} to see list settings,É necessário fazer login para ver a visualização da lista do formulário da web. Ative {0} para ver as configurações da lista
Login link sent to your email,Link de login enviado para seu Email
Login not allowed at this time,Login não permitido neste momento
Login required,Login necessário
"Login session expired, refresh page to retry",A sessão de login expirou. Atualize a página para tentar novamente
Login to comment,Faça login para comentar
Login to start a new discussion,Faça login para iniciar uma nova discussão
Login to view,Faça login para visualizar
Login to {0},Faça login em {0}
Login token required,É necessário token de login
Login with Email Link,Login com link de Email
Login with Frappe Cloud,Faça login com Frappe Cloud
Login with LDAP,Entrar com LDAP
Login with email link,Login com link de Email
Login with email link expiry (in minutes),Login com expiração do link do Email (em minutos)
Login with username and password is not allowed.,Login com nome de usuário e senha não é permitido.
Login with {0},Faça login com {0}
Logo URI,URI do logotipo
Logo URL,URL do logotipo
Logout All Sessions,Sair de todas as sessões
Logs To Clear,Registros para limpar
Logs to Clear,Registros para limpar
Looks like you didn't change the value,Parece que você não alterou o valor
Looks like you haven\u2019t received any notifications.,Parece que você não recebeu nenhuma notificação.
Looks like you haven‚Äôt added any third party apps.,Parece que você não adicionou nenhum aplicativo de terceiros.
Looks like you haven‚Äôt received any notifications.,Parece que você não recebeu nenhuma notificação.
Low,Baixo
M,M
MIT License,MINHA Licença
Maintenance Manager,Gerente de Manutenção
Maintenance User,Usuário de manutenção
Major,Principal
"Make ""name"" searchable in Global Search","Torne o ""nome"" pesquisável na Pesquisa Global"
Make Attachment Public (by default),Tornar o anexo público (por padrão)
Make Attachments Public by Default,Tornar os anexos públicos por padrão
Make sure to configure a Social Login Key before disabling to prevent lockout,Certifique-se de configurar uma chave de login social antes de desativar para evitar bloqueio
Make use of longer keyboard patterns,Use padrões de teclado mais longos
Makes the page public,Torna a página pública
Manage 3rd party apps,Gerenciar aplicativos de terceiros
Manage Billing,Gerenciar faturamento
Mandatory,Obrigatório
Mandatory Depends On (JS),Obrigatório depende de (JS)
Mandatory Information missing:,Faltam informações obrigatórias:
Mandatory field: set role for,Campo obrigatório: definir função para
Mandatory field: {0},Campo obrigatório: {0}
"Mandatory fields required in table {0}, Row {1}","Campos obrigatórios obrigatórios na tabela {0}, linha {1}"
Mandatory fields required in {0},Campos obrigatórios exigidos em {0}
Mandatory fields required:,Campos obrigatórios obrigatórios:
Mandatory:,Obrigatório:
Map,Mapa
Map Columns,Colunas do Mapa
Map View,Visualização do mapa
Map columns from {0} to fields in {1},Mapear colunas de {0} para campos em {1}
Mapping column {0} to field {1},Mapeando a coluna {0} para o campo {1}
Margin Bottom,Margem Inferior
Margin Left,Margem Esquerda
Margin Right,Margem Direita
Margin Top,Margem Superior
MariaDB Variables,Variáveis ​​MariaDB
Mark all as read,Marcar tudo como lido
Mark as Read,Marcar como lido
Mark as Spam,Marcar como spam
Mark as Unread,Marcar como não lido
Markdown,Remarcação
Marked As Spam,Marcado como spam
Marketing Manager,Gerente de Marketing
Mask,Máscara
Master,Mestre
Max 500 records at a time,Máximo de 500 registros por vez
Max File Size (MB),Tamanho máximo do arquivo (MB)
Max Height,Altura máxima
Max Report Rows,Máximo de linhas do relatório
Max attachment size,Tamanho máximo do anexo
Max auto email report per user,Relatório máximo de Email automático por usuário
Max signups allowed per hour,Máximo de inscrições permitidas por hora
Max width for type Currency is 100px in row {0},A largura máxima do tipo Moeda é 100 px na linha {0}
Maximum Attachment Limit of {0} has been reached for {1} {2}.,O limite máximo de anexos de {0} foi atingido para {1} {2}.
Maximum attachment limit of {0} has been reached.,O limite máximo de anexos de {0} foi atingido.
Maximum {0} rows allowed,Máximo de {0} linhas permitidas
Maybe,Talvez
Me,Meu
Meaning of Different Permission Types,Significado dos diferentes tipos de permissão
Medium,Médio
Meeting,Reunião
Meets Condition?,Atende à condição?
Memory Usage,Uso de memória
Memory Usage in MB,Uso de memória em MB
Menu,Menu
Merge with existing,Mesclar com existente
Merging is only possible between Group-to-Group or Leaf Node-to-Leaf Node,A mesclagem só é possível entre grupo a grupo ou nó folha a nó folha
Message,Mensagem
Message Sent,Mensagem enviada
Message Type,Tipo de mensagem
Message clipped,Mensagem cortada
Message from server: {0},Mensagem do servidor: {0}
Message not setup,Mensagem não configurada
Message to be displayed on successful completion,Mensagem a ser exibida após a conclusão bem-sucedida
Message-id,ID da mensagem
Messages,Mensagens
Messaging CRM Campagin,Campanha de CRM de mensagens
Meta,meta
Meta Description,Meta descrição
Meta Image,Metaimagem
Meta Tags,Metatags
Meta Title,Metatítulo
Meta description,Meta descrição
Meta image,Metaimagem
Meta title,Meta título
Meta title for SEO,Meta título para SEO
Metadata,Metadados
Method Not Allowed,Método não permitido
Method is required to create a number card,O método é necessário para criar um cartão numérico
Mid Center,Centro Médio
Milestone,Marco
Milestone Tracker,Rastreador de marcos
Minimum Password Score,Pontuação mínima de senha
Minor,Menor
Minutes,Minutos
Minutes After,Minutos depois
Minutes Before,Minutos antes
Minutes Offset,Compensação de minutos
Misconfigured,Mal configurado
Missing DocType,DocType ausente
Missing Field,Campo ausente
Missing Fields,Campos ausentes
Missing Filters Required,Filtros ausentes necessários
Missing Permission,Permissão ausente
Missing Value,Valor ausente
Missing Values Required,Valores ausentes obrigatórios
Mobile,Móvel
Modal Trigger,Gatilho Modal
Module,Módulo
Module (for export),Módulo (para exportação)
Module Def,Definição do módulo
Module HTML,Módulo HTML
Module Onboarding,Integração do módulo
Module Profile,Perfil do Módulo
Module Profile Name,Nome do perfil do módulo
Module onboarding progress reset,Redefinição do progresso de integração do módulo
Module to Export,Módulo para Exportar
Module {} not found,Módulo {} não encontrado
Modules,Módulos
Monday,Segunda-feira
Monospace,Monovolume
Month,Mês
Monthly,Mensal
More,Mais
More Info,Mais informações
More Options,Mais opções
More articles on {0},Mais artigos sobre {0}
Most Used,Mais usado
Most probably your password is too long.,Muito provavelmente a sua senha é muito longa.
Move,Mover
Move To,Mover para
Move To Trash,Mover para a lixeira
Move current and all subsequent sections to a new tab,Mova as seções atuais e todas as seções subsequentes para uma nova guia
Move cursor to above row,Mova o cursor para a linha acima
Move cursor to below row,Mova o cursor para a linha abaixo
Move cursor to next column,Mova o cursor para a próxima coluna
Move cursor to previous column,Mover o cursor para a coluna anterior
Move sections to new tab,Mover seções para uma nova guia
Move the current field and the following fields to a new column,Mova o campo atual e os campos seguintes para uma nova coluna
Move to Row Number,Mover para o número da linha
Move to next step when clicked inside highlighted area.,Vá para a próxima etapa quando clicar dentro da área destacada.
Mozilla doesn't support :has() so you can pass parent selector here as workaround,Mozilla não suporta :has() então você pode passar o seletor pai aqui como solução alternativa
Mr,Senhor
Mrs,Sra.
Ms,EM
Multiple root nodes not allowed.,Vários nós raiz não são permitidos.
"Must be enclosed in '()' and include '{0}', which is a placeholder for the user/login name. i.e. (&(objectclass=user)(uid={0}))","Deve ser colocado entre '()' e incluir '{0}', que é um espaço reservado para o nome do usuário/login. ou seja, (&(objectclass=usuário)(uid={0}))"
"Must be of type ""Attach Image""","Deve ser do tipo ""Anexar imagem"""
Must have report permission to access this report.,Deve ter permissão de relatório para acessar este relatório.
Must specify a Query to run,Deve especificar uma consulta para executar
Mx,MX
My Account,Minha conta
My Device,Meu dispositivo
My Filter,Meu filtro
MyISAM,MeuISAM
N/A,N / D
NEVER,NUNCA
"NOTE: If you add states or transitions in the table, it will be reflected in the Workflow Builder but you will have to position them manually. Also Workflow Builder is currently in <b>BETA</b>.","NOTA: Se você adicionar estados ou transições na tabela, isso será refletido no Workflow Builder, mas você terá que posicioná-los manualmente. Além disso, o Workflow Builder está atualmente em <b>BETA</b>."
NOTE: This box is due for depreciation. Please re-setup LDAP to work with the newer settings,NOTA: Esta caixa está vencida para depreciação. Redefina o LDAP para funcionar com as configurações mais recentes
Name,Nome
Name (Doc Name),Nome (nome do documento)
"Name already taken, please set a new name","Nome já utilizado, por favor defina um novo nome"
Name cannot contain special characters like {0},O nome não pode conter caracteres especiais como {0}
Name of the Document Type (DocType) you want this field to be linked to. e.g. Customer,Nome do tipo de documento (DocType) ao qual você deseja vincular este campo. por exemplo Cliente
Name of the new Print Format,Nome do novo formato de impressão
Name of {0} cannot be {1},O nome de {0} não pode ser {1}
Names and surnames by themselves are easy to guess.,Nomes e sobrenomes por si só são fáceis de adivinhar.
"Naming Options:|||<ol><li><b>field:[fieldname]</b> - By Field</li><li><b>naming_series:</b> - By Naming Series (field called naming_series must be present)</li><li><b>Prompt</b> - Prompt user for a name</li><li><b>[series]</b> - Series by prefix (separated by a dot); for example PRE.#####</li>|||<li><b>format:EXAMPLE-{MM}morewords{fieldname1}-{fieldname2}-{#####}</b> - Replace all braced words (fieldnames, date words (DD, MM, YY), series) with their value. Outside braces, any characters can be used.</li></ol>","Opções de nomenclatura:|||<ol><li><b>campo:[fieldname]</b> - Por campo</li><li><b>naming_series:</b> - Por série de nomenclatura (o campo chamado naming_series deve estar presente)</li><li><b>Solicitar</b> - Solicitar um nome ao usuário</li><li><b>[série]</b> - Série por prefixo (separado por um ponto); por exemplo PRE.#####</li>|||<li><b>format:EXAMPLE-{MM}morewords{fieldname1}-{fieldname2}-{#####}</b> - Substitua todas as palavras entre colchetes (nomes de campos, palavras de data (DD, MM, AA), séries) por seus valores. Fora dos colchetes, qualquer caractere pode ser usado.</li></ol>"
Naming Rule,Regra de nomenclatura
Naming Series,Série de nomenclatura
Naming Series mandatory,Série de nomenclatura obrigatória
Navbar,Barra de navegação
Navbar Item,Item da barra de navegação
Navbar Settings,Configurações da barra de navegação
Navbar Template,Modelo de barra de navegação
Navbar Template Values,Valores do modelo da barra de navegação
Navigate list down,Navegar na lista para baixo
Navigate list up,Navegar na lista para cima
Navigate to main content,Navegue até o conteúdo principal
Navigation Buttons,Botões de navegação
Navigation Settings,Configurações de navegação
Need Help?,Precisar de ajuda?
Need Workspace Manager role to edit private workspace of other users,Precisa da função Workspace Manager para editar o espaço de trabalho privado de outros usuários
Negative Value,Valor Negativo
Nested filters must be provided as a list or tuple.,Os filtros aninhados devem ser fornecidos como uma lista ou tupla.
Nested set error. Please contact the Administrator.,Erro de conjunto aninhado. Entre em contato com o Administrador.
Network Printer Settings,Configurações da impressora de rede
Never,Nunca
New,Novo
New Activity,Nova atividade
New Address,Novo endereço
New Chart,Novo gráfico
New Contact,Novo contato
New Custom Block,Novo bloco personalizado
New Custom Print Format,Novo formato de impressão personalizado
New Document Form,Novo formulário de documento
New Document Shared {0},Novo documento compartilhado {0}
New Email,Novo Email
New Email Account,Nova conta de Email
New Event,Novo Evento
New Folder,Nova pasta
New Kanban Board,Novo quadro Kanban
New Links,Novos links
New Mention on {0},Nova menção em {0}
New Message from Website Contact Page,Nova mensagem da página de contato do site
New Name,Novo nome
New Notification,Nova notificação
New Number Card,Novo cartão numérico
New Onboarding,Nova integração
New Password,Nova Senha
New Print Format Name,Nome do novo formato de impressão
New Quick List,Nova lista rápida
New Report name,Nome do novo relatório
New Role,Nova função
New Shortcut,Novo atalho
New Users (Last 30 days),Novos usuários (últimos 30 dias)
New Value,Novo valor
New Workflow Name,Novo nome do fluxo de trabalho
New Workspace,Novo espaço de trabalho
"New line separated list of allowed public client URLs (eg <code>https://frappe.io</code>), or <code>*</code> to accept all.|||<br>|||Public clients are restricted by default.","Nova lista separada por linhas de URLs de clientes públicos permitidos (por exemplo, <code>https://frappe.io</code>), ou <code>*</code> para aceitar todos.|||<br>|||Os clientes públicos são restritos por padrão."
New line separated list of scope values.,Nova lista de valores de escopo separados por linha.
"New lines separated list of strings representing ways to contact people responsible for this client, typically email addresses.","Novas linhas separam uma lista de strings que representam formas de entrar em contato com as pessoas responsáveis ​​por esse cliente, normalmente endereços de Email."
New password cannot be same as old password,A nova senha não pode ser igual à senha antiga
New updates are available,Novas atualizações estão disponíveis
New users will have to be manually registered by system managers.,Novos usuários deverão ser cadastrados manualmente pelos gestores do sistema.
New {0},Novo {0}
New {0} Created,Novo {0} criado
New {0} {1} added to Dashboard {2},Novo {0} {1} adicionado ao Painel {2}
New {0} {1} created,Novo {0} {1} criado
New {0}: {1},Novo {0}: {1}
New {} releases for the following apps are available,Novas versões do {} para os seguintes aplicativos estão disponíveis
Newly created user {0} has no roles enabled.,O usuário recém-criado {0} não tem funções ativadas.
Newsletter Manager,Gerenciador de boletins informativos
Next,Próximo
Next 14 Days,Próximos 14 dias
Next 30 Days,Próximos 30 dias
Next 7 Days,Próximos 7 dias
Next Action Email Template,Modelo de Email de próxima ação
Next Actions,Próximas ações
Next Actions HTML,Próximas ações HTML
Next Document,Próximo documento
Next Execution,Próxima execução
Next Form Tour,Próximo tour do formulário
Next Scheduled Date,Próxima data agendada
Next State,Próximo estado
Next Step Condition,Condição do próximo passo
Next Sync Token,Próximo token de sincronização
Next actions,Próximas ações
Next on Click,Próximo em clique
No,Não
No Active Sessions,Nenhuma sessão ativa
No Data,Sem dados
No Data...,Sem dados...
No Email Account,Sem conta de Email
No Email Accounts Assigned,Nenhuma conta de Email atribuída
No Email field found in {0},Nenhum campo de Email encontrado em {0}
No Emails,Sem Emails
No Entry for the User {0} found within LDAP!,Nenhuma entrada para o usuário {0} encontrada no LDAP!
No Filters Set,Nenhum filtro definido
No Google Calendar Event to sync.,Nenhum evento do Google Agenda para sincronizar.
No IMAP folders were found on the server. Please verify the email account settings and ensure the mailbox contains folders.,Nenhuma pasta IMAP foi encontrada no servidor. Verifique as configurações da conta de Email e certifique-se de que a caixa de correio contenha pastas.
No Images,Sem imagens
No LDAP User found for email: {0},Nenhum usuário LDAP encontrado para o Email: {0}
No Label,Sem etiqueta
No Letterhead,Sem papel timbrado
No Name Specified for {0},Nenhum nome especificado para {0}
No New notifications,Nenhuma nova notificação
No Permissions Specified,Nenhuma permissão especificada
No Permissions set for this criteria.,Nenhuma permissão definida para este critério.
No Permitted Charts,Nenhum gráfico permitido
No Permitted Charts on this Dashboard,Nenhum gráfico permitido neste painel
No Preview,Sem visualização
No Preview Available,Nenhuma visualização disponível
No Printer is Available.,Nenhuma impressora está disponível.
No RQ Workers connected. Try restarting the bench.,Nenhum trabalhador RQ conectado. Tente reiniciar o banco.
No Results,Sem resultados
No Results found,Nenhum resultado encontrado
No Roles Specified,Nenhuma função especificada
No Select Field Found,Nenhum campo de seleção encontrado
No Suggestions,Sem sugestões
No Tags,Sem tags
No Upcoming Events,Nenhum próximo evento
No address added yet.,Nenhum endereço adicionado ainda.
No alerts for today,Nenhum alerta para hoje
No attachment found for the prepared report,Nenhum anexo encontrado para o relatório preparado
No automatic optimization suggestions available.,Nenhuma sugestão de otimização automática disponível.
No changes in document,Sem alterações no documento
No changes made,Nenhuma alteração feita
No changes made because old and new name are the same.,Nenhuma alteração foi feita porque o nome antigo e o novo são iguais.
No changes to sync,Nenhuma alteração na sincronização
No changes to update,Sem alterações para atualizar
No contacts added yet.,Nenhum contato adicionado ainda.
No contacts linked to document,Nenhum contato vinculado ao documento
No currency fields in {0},Nenhum campo de moeda em {0}
No data to export,Não há dados para exportar
No data to perform this action,Não há dados para realizar esta ação
No default Address Template found. Please create a new one from Setup > Printing and Branding > Address Template.,Nenhum modelo de endereço padrão encontrado. Crie um novo em Configuração > Impressão e marca > Modelo de endereço.
No documents found tagged with {0},Nenhum documento encontrado marcado com {0}
No email account associated with the User. Please add an account under User > Email Inbox.,Nenhuma conta de Email associada ao usuário. Adicione uma conta em Usuário > Caixa de entrada de Email.
No email addresses to invite,Nenhum endereço de Email para convidar
No failed logs,Nenhum registro com falha
"No fields found that can be used as a Kanban Column. Use the Customize Form to add a Custom Field of type ""Select"".","Nenhum campo encontrado que possa ser usado como coluna Kanban. Use o Formulário Personalizado para adicionar um Campo Personalizado do tipo ""Selecionar""."
No file attached,Nenhum arquivo anexado
No filters found,Nenhum filtro encontrado
No filters selected,Nenhum filtro selecionado
No further records,Não há mais registros
No matching entries in the current results,Nenhuma entrada correspondente nos resultados atuais
No matching records. Search something new,Nenhum registro correspondente. Pesquise algo novo
No more items to display,Não há mais itens para exibir
"No need for symbols, digits, or uppercase letters.","Não há necessidade de símbolos, dígitos ou letras maiúsculas."
No new Google Contacts synced.,Nenhum novo Contato do Google foi sincronizado.
No of Columns,Nº de colunas
No of Requested SMS,Nº de SMS solicitado
No of Rows (Max 500),Nº de linhas (máx. 500)
No of Sent SMS,Nº de SMS enviados
No permission for {0},Nenhuma permissão para {0}
No permission to '{0}' {1},Sem permissão para '{0}' {1}
No permission to read {0},Sem permissão para ler {0}
No permission to {0} {1} {2},Sem permissão para {0} {1} {2}
No records deleted,Nenhum registro excluído
No records present in {0},Nenhum registro presente em {0}
No records tagged.,Nenhum registro marcado.
No records will be exported,Nenhum registro será exportado
No rows,Nenhuma linha
No rows selected,Nenhuma linha selecionada
No subject,Sem assunto
No template found at path: {0},Nenhum modelo encontrado no caminho: {0}
No user has the role <strong>{0}</strong>,Nenhum usuário tem a função <strong>{0}</strong>
No values to show,Não há valores para mostrar
No {0},Não {0}
No {0} found,Nenhum {0} encontrado
No {0} found with matching filters. Clear filters to see all {0}.,Nenhum {0} encontrado com filtros correspondentes. Limpe os filtros para ver todos os {0}.
No {0} mail,Nenhum Email {0}
No.,Não.
Nomatim,O meu nome
None: End of Workflow,Nenhum: Fim do Fluxo de Trabalho
Normalized Copies,Cópias Normalizadas
Normalized Query,Consulta normalizada
Not Allowed,Não permitido
Not Ancestors Of,Não ancestrais de
Not Descendants Of,Não descendentes de
Not Equals,Não é igual
Not Found,Não encontrado
Not Helpful,Não é útil
Not In,Não dentro
Not Linked to any record,Não vinculado a nenhum registro
Not Nullable,Não anulável
Not Permitted,Não permitido
Not Permitted to read {0},Não é permitido ler {0}
Not Published,Não publicado
Not Seen,Não visto
Not Sent,Não enviado
Not Set,Não definido
Not a valid Comma Separated Value (CSV File),Não é um valor separado por vírgula válido (arquivo CSV)
Not a valid User Image.,Não é uma imagem de usuário válida.
Not a valid Workflow Action,Não é uma ação de fluxo de trabalho válida
Not active,Não ativo
Not allowed for {0}: {1},Não permitido para {0}: {1}
"Not allowed to attach {0} document, please enable Allow Print For {0} in Print Settings",Não é permitido anexar documento {0}. Ative Permitir impressão para {0} nas configurações de impressão
Not allowed to create custom Virtual DocType.,Não é permitido criar Virtual DocType personalizado.
Not allowed to print cancelled documents,Não é permitido imprimir documentos cancelados
Not allowed to print draft documents,Não é permitido imprimir rascunhos de documentos
Not allowed via controller permission check,Não permitido através da verificação de permissão do controlador
Not found,Não encontrado
Not in Developer Mode,Não no modo de desenvolvedor
Not in Developer Mode! Set in site_config.json or make 'Custom' DocType.,Não no modo de desenvolvedor! Defina em site_config.json ou crie DocType 'Custom'.
Not permitted,Não permitido
Not permitted to view {0},Não é permitido visualizar {0}
Not permitted. {0}.,Não é permitido. {0}.
Note,Observação
Note Seen By,Nota vista por
Note:,Observação:
Note: Changing the Page Name will break previous URL to this page.,Nota: Alterar o nome da página quebrará o URL anterior desta página.
Note: Etc timezones have their signs reversed.,Nota: Etc fusos horários têm seus sinais invertidos.
Note: This will be shared with user.,Nota: Isso será compartilhado com o usuário.
Note: Your request for account deletion will be fulfilled within {0} hours.,Observação: sua solicitação de exclusão de conta será atendida em {0} horas.
Notes:,Notas:
Nothing New,Nada de novo
Nothing left to redo,Não há mais nada para refazer
Nothing left to undo,Nada mais para desfazer
Nothing to show,Nada para mostrar
Nothing to update,Nada para atualizar
Notification,Notificação
Notification Log,Registro de notificação
Notification Recipient,Destinatário da Notificação
Notification Settings,Configurações de notificação
Notification Subscribed Document,Documento Assinado de Notificação
Notification sent to,Notificação enviada para
Notification: customer {0} has no Mobile number set,Notificação: o cliente {0} não tem número de celular definido
Notification: document {0} has no {1} number set (field: {2}),Notificação: o documento {0} não possui nenhum número {1} definido (campo: {2})
Notification: user {0} has no Mobile number set,Notificação: o usuário {0} não tem número de celular definido
Notifications Disabled,Notificações desativadas
Notifications and bulk mails will be sent from this outgoing server.,Notificações e Emails em massa serão enviados deste servidor de saída.
Notify Users On Every Login,Notificar usuários em cada login
Notify by Email,Notificar por Email
Notify by email,Notificar por Email
Notify users with a popup when they log in,Notificar os usuários com um pop-up quando eles fizerem login
Now,Agora
Number Card,Cartão numérico
Number Card Link,Link do cartão numérico
Number Card Name,Nome do cartão numérico
Number Cards,Cartões numéricos
Number of Queries,Número de consultas
"Number of attachment fields are more than {}, limit updated to {}.","O número de campos de anexo é superior a {}, limite atualizado para {}."
Number of backups must be greater than zero.,O número de backups deve ser maior que zero.
Number of columns for a field in a Grid (Total Columns in a grid should be less than 11),Número de colunas para um campo em uma grade (o total de colunas em uma grade deve ser menor que 11)
Number of columns for a field in a List View or a Grid (Total Columns should be less than 11),Número de colunas para um campo em uma visualização de lista ou grade (o total de colunas deve ser menor que 11)
Number of days after which the document Web View link shared on email will be expired,Número de dias após os quais o link do documento Web View compartilhado por Email expirará
Number of keys,Número de chaves
Number of onsite backups,Número de backups no local
OAuth,OAuth
OAuth Authorization Code,Código de autorização OAuth
OAuth Bearer Token,Token do portador OAuth
OAuth Client,Cliente OAuth
OAuth Client ID,ID do cliente OAuth
OAuth Client Role,Função do cliente OAuth
OAuth Error,Erro OAuth
OAuth Provider Settings,Configurações do provedor OAuth
OAuth Scope,Escopo OAuth
OAuth Settings,Configurações OAuth
"OAuth has been enabled but not authorised. Please use ""Authorise API Access"" button to do the same.","OAuth foi ativado, mas não autorizado. Use o botão ""Autorizar acesso à API"" para fazer o mesmo."
OPTIONS,OPÇÕES
OR,OU
OTP SMS Template,Modelo de SMS OTP
OTP SMS Template must contain <code>{0}</code> placeholder to insert the OTP.,O modelo de SMS OTP deve conter o espaço reservado <code>{0}</code> para inserir o OTP.
OTP Secret Reset - {0},Redefinição de segredo OTP - {0}
OTP Secret has been reset. Re-registration will be required on next login.,O segredo OTP foi redefinido. O novo registro será necessário no próximo login.
OTP placeholder should be defined as <code>{{ otp }}</code> ,O espaço reservado OTP deve ser definido como <code>{{ otp }}</code>
OTP setup using OTP App was not completed. Please contact Administrator.,A configuração do OTP usando o aplicativo OTP não foi concluída. Entre em contato com o administrador.
Occurrences,Ocorrências
Office 365,Escritório 365
Official Documentation,Documentação Oficial
Offset X,Deslocamento X
Offset Y,Deslocamento Y
Offset must be a non-negative integer,O deslocamento precisa ser um número inteiro não negativo
Old Password,Senha Antiga
Old and new fieldnames are same.,Os nomes de campo antigos e novos são iguais.
Older backups will be automatically deleted,Backups mais antigos serão excluídos automaticamente
Oldest Unscheduled Job,Trabalho não agendado mais antigo
On Hold,Em espera
On Payment Authorization,Na autorização de pagamento
On Payment Charge Processed,Cobrança de pagamento processada
On Payment Failed,Falha no pagamento
On Payment Mandate Acquisition Processed,Na aquisição de mandato de pagamento processada
On Payment Mandate Charge Processed,Cobrança de mandato de pagamento processada
On Payment Paid,No pagamento pago
"On checking this option, URL will be treated like a jinja template string","Ao marcar esta opção, o URL será tratado como uma string de modelo jinja"
On or After,Em ou depois
On or Before,Em ou antes
"On {0}, {1} wrote:","Em {0}, {1} escreveu:"
Onboard,A bordo
Onboarding Name,Nome de integração
Onboarding Permission,Permissão de integração
Onboarding Status,Status de integração
Onboarding Step,Etapa de integração
Onboarding Step Map,Mapa de etapas de integração
Onboarding complete,Integração concluída
"Once submitted, submittable documents cannot be changed. They can only be Cancelled and Amended.","Depois de enviados, os documentos submissíveis não poderão ser alterados. Eles só podem ser cancelados e alterados."
"Once you have set this, the users will only be able access documents (eg. Blog Post) where the link exists (eg. Blogger).","Depois de definir isso, os usuários só poderão acessar documentos (por exemplo, postagem no blog) onde o link existir (por exemplo, Blogger)."
One Last Step,Um último passo
One Time Password (OTP) Registration Code from {},Código de registro de senha de uso único (OTP) de {}
One of,Um dos
Only 200 inserts allowed in one request,Apenas 200 inserções permitidas em uma solicitação
Only Administrator can delete Email Queue,Somente o administrador pode excluir a fila de Email
Only Administrator can edit,Somente o administrador pode editar
Only Administrator can save a standard report. Please rename and save.,Somente o administrador pode salvar um relatório padrão. Renomeie e salve.
Only Administrator is allowed to use Recorder,Somente o administrador tem permissão para usar o gravador
Only Custom Modules can be renamed.,Somente Módulos Personalizados podem ser renomeados.
Only Options allowed for Data field are:,Somente as opções permitidas para o campo Dados são:
Only System Managers can make this file public.,Somente Gerentes de Sistema podem tornar este arquivo público.
Only Workspace Manager can edit public workspaces,Somente o Workspace Manager pode editar espaços de trabalho públicos
Only allow System Managers to upload public files,Permitir apenas que gerentes de sistema carreguem arquivos públicos
Only allowed to export customizations in developer mode,Só é permitido exportar personalizações no modo de desenvolvedor
Only draft documents can be discarded,Apenas rascunhos de documentos podem ser descartados
Only for,Somente para
Only mandatory fields are necessary for new records. You can delete non-mandatory columns if you wish.,"Somente campos obrigatórios são necessários para novos registros. Você pode excluir colunas não obrigatórias, se desejar."
Only reports of type Report Builder can be deleted,Somente relatórios do tipo Report Builder podem ser excluídos
Only reports of type Report Builder can be edited,Somente relatórios do tipo Report Builder podem ser editados
Only standard DocTypes are allowed to be customized from Customize Form.,Somente DocTypes padrão podem ser personalizados no Formulário Personalizado.
Only the Administrator can delete a standard DocType.,Somente o Administrador pode excluir um DocType padrão.
Only the assignee can complete this to-do.,Somente o responsável pode concluir esta tarefa.
Only {0} emailed reports are allowed per user.,Somente {0} relatórios enviados por Email são permitidos por usuário.
Oops! Something went wrong.,Ops! Algo deu errado.
Open,Abrir
Open Awesomebar,Abra a barra incrível
Open Communication,Comunicação aberta
Open Document,Abrir documento
Open Help,Abrir Ajuda
Open Link,Abrir link
Open Settings,Abra Configurações
Open Source Applications for the Web,Aplicativos de código aberto para a Web
Open Translation,Tradução aberta
Open a dialog with mandatory fields to create a new record quickly. There must be at least one mandatory field to show in dialog.,Abra uma caixa de diálogo com campos obrigatórios para criar um novo registro rapidamente. Deve haver pelo menos um campo obrigatório para mostrar na caixa de diálogo.
Open a module or tool,Abra um módulo ou ferramenta
Open console,Abrir console
Open in a new tab,Abrir em uma nova aba
Open in new tab,Abrir em nova aba
Open list item,Abrir item da lista
Open reference document,Abrir documento de referência
Open your authentication app on your mobile phone.,Abra seu aplicativo de autenticação no seu celular.
Open {0},Abra {0}
OpenID Configuration,Configuração OpenID
OpenID Configuration fetched successfully!,Configuração OpenID obtida com sucesso!
OpenLDAP,OpenLDAP
Operation,Operação
Operator must be one of {0},O operador deve ser um de {0}
Operator {0} requires exactly 2 arguments (left and right operands),O operador {0} requer exatamente 2 argumentos (operandos esquerdo e direito)
Optimize,Otimizar
Optimizing image...,Otimizando imagem...
Option 1,Opção 1
Option 2,Opção 2
Option 3,Opção 3
Option {0} for field {1} is not a child table,A opção {0} para o campo {1} não é uma tabela filha
Optional: Always send to these ids. Each Email Address on a new row,Opcional: Sempre envie para esses ids. Cada endereço de Email em uma nova linha
Options,Opções
Options 'Dynamic Link' type of field must point to another Link Field with options as 'DocType',Opções de campo do tipo 'Link Dinâmico' devem apontar para outro Campo de Link com opções como 'DocType'
Options for Rating field can range from 3 to 10,As opções para o campo Classificação podem variar de 3 a 10
Options for select. Each option on a new line.,Opções para selecionar. Cada opção em uma nova linha.
Options for {0} must be set before setting the default value.,As opções para {0} devem ser definidas antes de definir o valor padrão.
Options is required for field {0} of type {1},As opções são obrigatórias para o campo {0} do tipo {1}
Options not set for link field {0},Opções não definidas para campo de link {0}
Orange,Laranja
Order By must be a string,Order By deve ser uma string
Orientation,Orientação
Original,Original
Original Value,Valor original
Outgoing (SMTP) Settings,Configurações de saída (SMTP)
Outgoing Emails (Last 7 days),Emails enviados (últimos 7 dias)
Outgoing Server,Servidor de saída
Outgoing Settings,Configurações de saída
Outgoing email account not correct,A conta de Email de saída não está correta
Outlook.com,Outlook.com
Overview,Visão geral
PATCH,CORREÇÃO
PDF,PDF
PDF Generation in Progress,Geração de PDF em andamento
PDF Generator,Gerador de PDF
PDF Page Height (in mm),Altura da página PDF (em mm)
PDF Page Width (in mm),Largura da página PDF (em mm)
PDF generation failed,Falha na geração do PDF
PDF generation failed because of broken image links,A geração do PDF falhou devido a links de imagens quebrados
PDF generation may not work as expected.,A geração de PDF pode não funcionar conforme o esperado.
"PDF printing via ""Raw Print"" is not supported.","A impressão de PDF via ""Raw Print"" não é suportada."
PID,PID
POP3 OAuth authentication failed for Email Account {0},Falha na autenticação POP3 OAuth para conta de Email {0}
POST,PUBLICAR
PUT,COLOCAR
Package,Pacote
Package Import,Importação de Pacote
Package Name,Nome do pacote
Package Release,Liberação de pacote
Page,Página
Page Break,Quebra de página
Page Builder,Construtor de páginas
Page Height (in mm),Altura da página (em mm)
Page Margins,Margens da página
Page Number,Número da página
Page Route,Rota da página
Page Shortcuts,Atalhos de página
Page Size,Tamanho da página
Page Title,Título da página
Page Width (in mm),Largura da página (em mm)
Page has expired!,A página expirou!
Page height and width cannot be zero,A altura e a largura da página não podem ser zero
Page not found,Página não encontrada
Page to show on the website|||,Página para mostrar no site|||
Page {0} of {1},Página {0} de {1}
Parameter,Parâmetro
Parent,Pai
Parent DocType,DocType pai
Parent Document Type,Tipo de documento pai
Parent Document Type is required to create a number card,O tipo de documento pai é necessário para criar um cartão numérico
Parent Element Selector,Seletor de elemento pai
Parent Field,Campo pai
Parent Field (Tree),Campo pai (árvore)
Parent Field must be a valid fieldname,O campo pai deve ser um nome de campo válido
Parent Icon,Ícone pai
Parent Missing,Pai desaparecido
Parent Page,Página pai
Parent Table,Tabela Pai
Parent document type is required to create a dashboard chart,O tipo de documento pai é necessário para criar um gráfico de painel
Parent is the name of the document to which the data will get added to.,Pai é o nome do documento ao qual os dados serão adicionados.
Parent-to-child or child-to-different-child grouping is not allowed.,O agrupamento de pai para filho ou de filho para filho diferente não é permitido.
Parentfield not specified in {0}: {1},Campo pai não especificado em {0}: {1}
"Parenttype, Parent and Parentfield are required to insert a child record","Parenttype, Parent e Parentfield são necessários para inserir um registro filho"
Partial,Parcial
Partial Success,Sucesso Parcial
Partially Sent,Parcialmente enviado
Participants,Participantes
Pass,Passar
Password,Senha
Password Reset,Redefinição de senha
Password cannot be filtered,A senha não pode ser filtrada
Password changed successfully.,Senha alterada com sucesso.
Password is required or select Awaiting Password,A senha é obrigatória ou selecione Aguardando senha
Password is valid. üëç,A senha é válida. üëç
Password missing in Email Account,Senha faltando na conta de Email
Password not found for {0} {1} {2},Senha não encontrada para {0} {1} {2}
Password requirements not met,Requisitos de senha não atendidos
Password set,Conjunto de senha
Password size exceeded the maximum allowed size,O tamanho da senha excedeu o tamanho máximo permitido
Password size exceeded the maximum allowed size.,O tamanho da senha excedeu o tamanho máximo permitido.
Passwords do not match,As senhas não coincidem
Passwords do not match!,As senhas não coincidem!
Paste,Colar
Patch Log,Registro de patches
Patch type {} not found in patches.txt,Tipo de patch {} não encontrado em patches.txt
Path,Caminho
Path to CA Certs File,Caminho para o arquivo de certificados CA
Path {0} is not within module {1},O caminho {0} não está no módulo {1}
Path {0} it not a valid path,Caminho {0} não é um caminho válido
Payload Count,Contagem de carga útil
Peak Memory Usage,Uso máximo de memória
Pending Emails,Emails pendentes
Pending Jobs,Trabalhos pendentes
Pending Verification,Verificação pendente
Percent,Por cento
Period,Período
Permanently Cancel {0}?,Cancelar permanentemente {0}?
Permanently Discard {0}?,Descartar permanentemente {0}?
Permanently Submit {0}?,Enviar {0} permanentemente?
Permanently delete {0}?,Excluir permanentemente {0}?
Permission,Permissão
Permission Error,Erro de permissão
Permission Inspector,Inspetor de permissão
Permission Level,Nível de permissão
Permission Levels,Níveis de permissão
Permission Log,Registro de permissão
Permission Query,Consulta de permissão
Permission Type,Tipo de permissão
Permission Type '{0}' is reserved. Please choose another name.,O tipo de permissão '{0}' é reservado. Por favor escolha outro nome.
Permissions,Permissões
Permissions Error,Erro de permissões
Permissions are automatically applied to Standard Reports and searches.,As permissões são aplicadas automaticamente a pesquisas e relatórios padrão.
"Permissions are set on Roles and Document Types (called DocTypes) by setting rights like Read, Write, Create, Delete, Submit, Cancel, Amend, Report, Import, Export, Print, Email and Set User Permissions.","As permissões são definidas em funções e tipos de documentos (chamados DocTypes) definindo direitos como Ler, Gravar, Criar, Excluir, Enviar, Cancelar, Alterar, Reportar, Importar, Exportar, Imprimir, Enviar por Email e Definir permissões do usuário."
Permissions at higher levels are Field Level permissions. All Fields have a Permission Level set against them and the rules defined at that permissions apply to the field. This is useful in case you want to hide or make certain field read-only for certain Roles.,As permissões em níveis superiores são permissões em nível de campo. Todos os campos têm um nível de permissão definido e as regras definidas nessas permissões se aplicam ao campo. Isso é útil caso você queira ocultar ou tornar determinado campo somente leitura para determinadas funções.
"Permissions at level 0 are Document Level permissions, i.e. they are primary for access to the document.","As permissões no nível 0 são permissões em nível de documento, ou seja, são primárias para acesso ao documento."
Permissions get applied on Users based on what Roles they are assigned.,As permissões são aplicadas aos usuários com base nas funções atribuídas a eles.
Permitted Documents For User,Documentos permitidos para usuário
Permitted Roles,Funções permitidas
Personal Data Deletion Request,Solicitação de exclusão de dados pessoais
Personal Data Deletion Step,Etapa de exclusão de dados pessoais
Personal Data Download Request,Solicitação de download de dados pessoais
Phone No.,Número de telefone
Phone Number {0} set in field {1} is not valid.,O número de telefone {0} definido no campo {1} não é válido.
Pick Columns,Escolher colunas
Pincode,Código PIN
Pink,Rosa
Placeholder,Espaço reservado
Places,Lugares
Plain Text,Texto Simples
Please Authorize OAuth for Email Account {0},Autorize o OAuth para a conta de Email {0}
Please Authorize OAuth for Email Account {},Autorize o OAuth para conta de Email {}
Please Duplicate this Website Theme to customize.,Duplique este tema do site para personalizar.
Please Install the ldap3 library via pip to use ldap functionality.,Instale a biblioteca ldap3 via pip para usar a funcionalidade ldap.
Please Set Chart,"Por favor, defina o gráfico"
Please Update SMS Settings,Atualize as configurações de SMS
Please add a subject to your email,Por favor adicione um assunto ao seu Email
Please add a valid comment.,Adicione um comentário válido.
Please adjust filters to include some data,Ajuste os filtros para incluir alguns dados
Please ask your administrator to verify your sign-up,Peça ao seu administrador para verificar sua inscrição
Please attach a file first.,Anexe um arquivo primeiro.
Please attach an image file to set HTML for Footer.,Anexe um arquivo de imagem para definir o HTML do rodapé.
Please attach an image file to set HTML for Letter Head.,Anexe um arquivo de imagem para definir HTML para papel timbrado.
Please attach the package,Anexe o pacote
Please check the filter values set for Dashboard Chart: {},Verifique os valores de filtro definidos para o gráfico do painel: {}
"Please check the value of ""Fetch From"" set for field {0}","Verifique o valor de ""Buscar de"" definido para o campo {0}"
Please check your email for verification,Verifique seu Email para verificação
Please check your email login credentials.,Verifique suas credenciais de login de Email.
Please check your registered email address for instructions on how to proceed. Do not close this window as you will have to return to it.,"Verifique seu endereço de Email registrado para obter instruções sobre como proceder. Não feche esta janela, pois você terá que retornar a ela."
Please click Edit on the Workspace for best results,Clique em Editar na área de trabalho para obter melhores resultados
"Please click on 'Export Errored Rows', fix the errors and import again.","Clique em 'Exportar linhas com erros', corrija os erros e importe novamente."
Please click on the following link and follow the instructions on the page. {0},Clique no link a seguir e siga as instruções da página. {0}
Please click on the following link to set your new password,Por favor clique no link a seguir para definir sua nova senha
Please confirm your action to {0} this document.,Confirme sua ação em {0} este documento.
Please contact your system manager to install correct version.,Entre em contato com o gerente do sistema para instalar a versão correta.
Please create Card first,"Por favor, crie o cartão primeiro"
Please create chart first,"Por favor, crie o gráfico primeiro"
Please delete the field from {0} or add the required doctype.,Exclua o campo de {0} ou adicione o tipo de documento necessário.
Please do not change the template headings.,"Por favor, não altere os títulos do modelo."
Please duplicate this to make changes,Duplique isso para fazer alterações
Please enable atleast one Social Login Key or LDAP or Login With Email Link before disabling username/password based login.,Ative pelo menos uma chave de login social ou LDAP ou link de login com Email antes de desativar o login baseado em nome de usuário/senha.
Please enable pop-ups,Ative os pop-ups
Please enable pop-ups in your browser,Ative os pop-ups no seu navegador
Please enable {} before continuing.,Ative {} antes de continuar.
Please ensure that your profile has an email address,Certifique-se de que seu perfil tenha um endereço de Email
Please enter Access Token URL,Insira o URL do token de acesso
Please enter Authorize URL,Insira o URL de autorização
Please enter Base URL,Insira o URL base
Please enter Client ID before social login is enabled,Insira o ID do cliente antes que o login social seja ativado
Please enter Client Secret before social login is enabled,Insira o segredo do cliente antes que o login social seja ativado
Please enter OpenID Configuration URL,Insira o URL de configuração do OpenID
Please enter Redirect URL,Insira o URL de redirecionamento
Please enter a valid email address.,Insira um endereço de Email válido.
Please enter both your email and message so that we can get back to you. Thanks!,"Por favor, insira seu Email e mensagem para que possamos entrar em contato com você. Obrigado!"
Please enter the password,Por favor digite a senha
Please enter the password for: <b>{0}</b>,Digite a senha de: <b>{0}</b>
Please enter valid mobile nos,Insira números de celular válidos
Please enter your new password.,"Por favor, digite sua nova senha."
Please enter your old password.,"Por favor, digite sua senha antiga."
Please find attached {0}: {1},Segue anexo {0}: {1}
Please login to post a comment.,Faça login para postar um comentário.
Please make sure the Reference Communication Docs are not circularly linked.,Certifique-se de que os documentos de comunicação de referência não estejam vinculados circularmente.
Please refresh to get the latest document.,Atualize para obter o documento mais recente.
Please remove the printer mapping in Printer Settings and try again.,Remova o mapeamento da impressora em Configurações da impressora e tente novamente.
Please save before attaching.,Salve antes de anexar.
Please save the document before assignment,Por favor salve o documento antes da atribuição
Please save the document before removing assignment,Salve o documento antes de remover a atribuição
Please save the form before previewing the message,Salve o formulário antes de visualizar a mensagem
Please save the report first,Salve o relatório primeiro
Please save to edit the template.,Salve para editar o modelo.
Please select DocType first,Selecione DocType primeiro
Please select Entity Type first,Selecione primeiro o tipo de entidade
Please select Minimum Password Score,Selecione a pontuação mínima da senha
Please select X and Y fields,Selecione os campos X e Y
Please select a DocType in options before setting filters,Selecione um DocType nas opções antes de definir os filtros
Please select a country code for field {1}.,Selecione um código de país para o campo {1}.
Please select a file first.,Selecione um arquivo primeiro.
Please select a file or url,Selecione um arquivo ou URL
Please select a valid csv file with data,Selecione um arquivo csv válido com dados
Please select a valid date filter,Selecione um filtro de data válido
Please select applicable Doctypes,Selecione os tipos de documentos aplicáveis
Please select atleast 1 column from {0} to sort/group,Selecione pelo menos 1 coluna de {0} para classificar/agrupar
Please select prefix first,Selecione o prefixo primeiro
Please select the Document Type.,Selecione o tipo de documento.
Please select the LDAP Directory being used,Selecione o diretório LDAP que está sendo usado
Please select {0},Selecione {0}
Please set Email Address,"Por favor, defina o endereço de Email"
Please set a printer mapping for this print format in the Printer Settings,Defina um mapeamento de impressora para este formato de impressão nas Configurações da impressora
Please set filters,Defina filtros
Please set filters value in Report Filter table.,Defina o valor dos filtros na tabela Filtro de Relatório.
Please set the document name,"Por favor, defina o nome do documento"
Please set the following documents in this Dashboard as standard first.,Defina primeiro os seguintes documentos neste Painel como padrão.
Please set the series to be used.,"Por favor, defina a série a ser usada."
"Please setup SMS before setting it as an authentication method, via SMS Settings","Configure o SMS antes de defini-lo como método de autenticação, através de Configurações de SMS"
Please setup a message first,Configure uma mensagem primeiro
Please setup default outgoing Email Account from Settings > Email Account,Configure a conta de Email de saída padrão em Configurações > Conta de Email
Please setup default outgoing Email Account from Tools > Email Account,Configure a conta de Email de saída padrão em Ferramentas > Conta de Email
Please specify,Por favor especifique
Please specify a valid parent DocType for {0},Especifique um DocType pai válido para {0}
Please specify at least 10 minutes due to the trigger cadence of the scheduler,Especifique pelo menos 10 minutos devido à cadência de acionamento do agendador
Please specify the field from which to attach files,Especifique o campo do qual deseja anexar arquivos
Please specify the minutes offset,Especifique o deslocamento de minutos
Please specify which date field must be checked,Especifique qual campo de data deve ser verificado
Please specify which datetime field must be checked,Especifique qual campo de data e hora deve ser verificado
Please specify which value field must be checked,Especifique qual campo de valor deve ser verificado
Please try again,"Por favor, tente novamente"
Please update your security settings from desk.,Atualize suas configurações de segurança na mesa.
Please update {} before continuing.,Atualize {} antes de continuar.
Please use a valid LDAP search filter,Use um filtro de pesquisa LDAP válido
Please use following links to download file backup.,Use os links a seguir para baixar o backup do arquivo.
Please visit https://frappecloud.com/docs/sites/migrate-an-existing-site#encryption-key for more information.,Visite https://frappecloud.com/docs/sites/migrate-an-existent-site#encryption-key para obter mais informações.
Policy,Política
Policy URI,URI da política
Polling,Votação
Popover Element,Elemento Popover
Popover or Modal Description,Popover ou descrição modal
Portal,Portal
Portal Menu,Menu do Portal
Portal Menu Item,Item de menu do portal
Portal Settings,Configurações do portal
Portrait,Retrato
Post,Publicar
"Post it here, our mentors will help you out.","Poste aqui, nossos mentores irão ajudá-lo."
Postal,Postal
Postal Code,Código postal
Posting Timestamp,Carimbo de data e hora de postagem
Precision ({0}) for {1} cannot be greater than its length ({2}).,A precisão ({0}) para {1} não pode ser maior que seu comprimento ({2}).
Precision should be between 1 and 6,A precisão deve estar entre 1 e 6
Predictable substitutions like '@' instead of 'a' don't help very much.,Substituições previsíveis como '@' em vez de 'a' não ajudam muito.
Preferred Language,Idioma preferido
Prepared Report,Relatório Preparado
Prepared Report Analytics,Análise de relatório preparado
Prepared Report User,Usuário de relatório preparado
Prepared report render failed,Falha na renderização do relatório preparado
Preparing Report,Preparando Relatório
Prepend the template to the email message,Anexe o modelo à mensagem de Email
Press Alt Key to trigger additional shortcuts in Menu and Sidebar,Pressione a tecla Alt para acionar atalhos adicionais no menu e na barra lateral
Press Enter to save,Pressione Enter para salvar
Preview,Visualização
Preview Mode,Modo de visualização
Preview of generated names,Visualização dos nomes gerados
Preview on {0},Visualização em {0}
Preview type,Tipo de visualização
Preview:,Visualização:
Previous,Anterior
Previous Document,Documento Anterior
Previous Submission,Envio Anterior
Primary Address,Endereço principal
Primary Contact,Contato principal
Primary Email,Email principal
Primary Mobile,Celular principal
Primary Phone,Telefone principal
Primary key of doctype {0} can not be changed as there are existing values.,A chave primária do tipo de documento {0} não pode ser alterada porque existem valores existentes.
Print,Imprimir
Print Documents,Imprimir documentos
Print Format,Formato de impressão
Print Format Builder,Construtor de formato de impressão
Print Format Builder Beta,Construtor de formato de impressão beta
Print Format Error,Erro de formato de impressão
Print Format Field Template,Modelo de campo de formato de impressão
Print Format For,Formato de impressão para
Print Format not found,Formato de impressão não encontrado
Print Format {0} is disabled,Formato de impressão {0} está desativado
Print Heading,Imprimir título
Print Language,Idioma de impressão
Print Sent to the printer!,Imprimir Enviado para a impressora!
Print Settings,Configurações de impressão
Print Style,Estilo de impressão
Print document,Imprimir documento
Printer,Impressora
Printer Mapping,Mapeamento de impressora
Printer Settings,Configurações da impressora
Printer mapping not set.,Mapeamento da impressora não definido.
Printing,Impressão
Printing failed,Falha na impressão
Priority,Prioridade
Private Files (MB),Arquivos privados (MB)
Private Files Backup:,Backup de arquivos privados:
ProTip: Add <code>Reference: {{ reference_doctype }} {{ reference_name }}</code> to send document reference,ProTip: Adicione <code>Reference: {{ reference_doctype }} {{ reference_name }}</code> para enviar a referência do documento
Proceed,Prosseguir
Proceed Anyway,Prossiga de qualquer maneira
Processing,Processamento
Processing...,Processamento...
Prof,Prof.
Progress,Progresso
Project,Projeto
Property,Propriedade
Property Setter,Configurador de propriedades
Property Setter overrides a standard DocType or Field property,O Property Setter substitui uma propriedade DocType ou Field padrão
Property Type,Tipo de propriedade
Protect Attached Files,Proteger arquivos anexados
Protected File,Arquivo protegido
"Provide a list of allowed file extensions for file uploads. Each line should contain one allowed file type. If unset, all file extensions are allowed. Example: <br>CSV<br>JPG<br>PNG","Forneça uma lista de extensões de arquivo permitidas para uploads de arquivos. Cada linha deve conter um tipo de arquivo permitido. Se não for definido, todas as extensões de arquivo serão permitidas. Exemplo: <br>CSV<br>JPG<br>PNG"
Public Files (MB),Arquivos Públicos (MB)
Public Files Backup:,Backup de arquivos públicos:
Public Policy URL must start with https://,O URL da política pública deve começar com https://
Publish,Publicar
Published,Publicado
Publishing Dates,Datas de publicação
Pull Emails,Extrair Emails
Pull from Google Contacts,Extrair dos Contatos do Google
Pulling emails...,Extraindo Emails...
Purchase Manager,Gerente de compras
Purchase Master Manager,Gerente mestre de compras
Purchase User,Usuário de compra
Purple,Roxo
Push Notification Settings,Configurações de notificação push
Put on Hold,Colocar em espera
Python,Python
QR Code,Código QR
QR Code for Login Verification,Código QR para verificação de login
QZ Tray Connection Active!,Conexão da bandeja QZ ativa!
Quarter Day,Trimestre de Dia
Quarterly,Trimestral
Query / Script,Consulta/Script
Query Parameters,Parâmetros de consulta
Query Report,Relatório de consulta
Query analysis complete. Check suggested indexes.,Análise da consulta concluída. Verifique os índices sugeridos.
Query must be of SELECT or read-only WITH type.,A consulta deve ser do tipo SELECT ou somente leitura COM.
Queue,Fila
Queue Overloaded,Fila sobrecarregada
Queue Status,Status da fila
Queue Type(s),Tipo(s) de fila
Queue in Background (BETA),Fila em segundo plano (BETA)
Queue should be one of {0},A fila deve ser uma de {0}
Queue(s),Filas
Queued At,Na fila em
Queued By,Na fila por
Queued for Submission. You can track the progress over {0}.,Na fila para envio. Você pode acompanhar o progresso em {0}.
Queued for backup. You will receive an email with the download link,Na fila para backup. Você receberá um Email com o link para download
Queues,Caudas
Queuing {0} for Submission,Enfileirando {0} para envio
Quick Help for Setting Permissions,Ajuda rápida para definir permissões
Quick List Filter,Filtro de lista rápida
Quick Lists,Listas rápidas
Quoting must be between 0 and 3,A cotação deve estar entre 0 e 3
RQ Job,Trabalho RQ
RQ Worker,Trabalhador RQ
Random,aleatório
Range,Faixa
Rate Limiting,Limitação de taxa
Rate limit for email link login,Limite de taxa para login com link de Email
Rating,Avaliação
Raw Commands,Comandos brutos
Raw Email,Email bruto
Raw HTML can be used only with Email Templates having 'Use HTML' checked. Proceeding with plain text email.,HTML bruto pode ser usado apenas com modelos de Email com a opção 'Usar HTML' marcada. Continuando com Email de texto simples.
"Raw HTML emails are rendered as complete Jinja templates. Otherwise, emails are wrapped in the standard.html email template, which inserts brand_logo, header and footer.","Emails HTML brutos são renderizados como modelos Jinja completos. Caso contrário, os Emails serão agrupados no modelo de Email standard.html, que insere brand_logo, cabeçalho e rodapé."
Raw Printing,Impressão bruta
Raw Printing Setting,Configuração de impressão bruta
Raw Printing Settings,Configurações de impressão bruta
Re-Run in Console,Execute novamente no console
Re:,Ré:
Re: {0},Re: {0}
Read Only,Somente leitura
Read Only Depends On (JS),Somente leitura depende de (JS)
Read Only Mode,Modo somente leitura
Read mode,Modo de leitura
Read the documentation to know more,Leia a documentação para saber mais
Readme,Leia-me
Realtime (SocketIO),Tempo real (SocketIO)
Reason,Razão
Rebuild,Reconstruir
Rebuild Tree,Reconstruir árvore
Rebuilding of tree is not supported for {},A reconstrução da árvore não é compatível com {}
Received,Recebido
Received an invalid token type.,Recebeu um tipo de token inválido.
Recent years are easy to guess.,Os últimos anos são fáceis de adivinhar.
Recents,Recente
Recipient Account Field,Campo da conta do destinatário
Recorder,Gravador
Recorder Query,Consulta do gravador
Recorder Suggested Index,Índice sugerido do gravador
Records for following doctypes will be filtered,Os registros dos seguintes doctypes serão filtrados
Recursive Fetch From,Busca recursiva de
Red,Vermelho
Redirect HTTP Status,Redirecionar status HTTP
Redirect To Path,Redirecionar para caminho
Redirect URI,Redirecionar URI
Redirect URI Bound To Auth Code,Redirecionar URI vinculado ao código de autenticação
Redirect URIs,Redirecionar URIs
Redirect to the selected app after login,Redirecionar para o aplicativo selecionado após o login
Redirect to this URL after successful confirmation.,Redirecione para este URL após confirmação bem-sucedida.
Redirects,Redirecionamentos
Redis cache server not running. Please contact Administrator / Tech support,O servidor de cache Redis não está em execução. Entre em contato com o administrador/suporte técnico
Redo,Refazer
Redo last action,Refazer a última ação
Ref DocType,Tipo de documento de referência
Referance Doctype and Dashboard Name both can't be used at the same time.,Tipo de documento de referência e nome do painel não podem ser usados ​​ao mesmo tempo.
Reference,Referência
Reference Date,Data de referência
Reference Datetime,Data e hora de referência
Reference Doc,Documento de referência
Reference DocType,DocType de referência
Reference DocType and Reference Name are required,Referência DocType e Reference Name são obrigatórios
Reference Document,Documento de referência
Reference Document Name,Nome do documento de referência
Reference Document Type,Tipo de documento de referência
Reference Name,Nome de referência
Reference Type,Tipo de referência
Reference: {0} {1},Referência: {0} {1}
Referrer,Referenciador
Refresh,Atualizar
Refresh All,Atualizar tudo
Refresh List,Atualizar lista
Refresh Print Preview,Atualizar visualização de impressão
Refresh Token,Atualizar token
Refreshing,Refrescante
Refreshing...,Refrescante...
Registered but disabled,"Registrado, mas desativado"
Rejected,Rejeitado
Relay Server URL missing,URL do servidor de retransmissão ausente
Relay Settings,Configurações de relé
Release Notes,Notas de versão
Relink,Vincular novamente
Relink Communication,Revincular a comunicação
Reload,Recarregar
Reload File,Recarregar arquivo
Reload List,Lista de recarga
Reload Report,Recarregar relatório
Remind At,Lembrar em
Remind Me,Lembre-me
Remind Me In,Lembre-me
Reminder,Lembretes
Reminder cannot be created in past.,O lembrete não pode ser criado no passado.
Reminder set at {0},Lembrete definido em {0}
Remove,Remover
Remove Failed Jobs,Remover trabalhos com falha
Remove Field,Remover campo
Remove Filter,Remover filtro
Remove Section,Remover seção
Remove all customizations?,Remover todas as personalizações?
Remove all fields in the column,Remova todos os campos da coluna
Remove column,Remover coluna
Remove field,Remover campo
Remove last column,Remover última coluna
Remove page break,Remover quebra de página
Remove section,Remover seção
Remove tab,Remover guia
Removed,Removido
Removed Icons,Ícones removidos
Rename,Renomear
Rename Fieldname,Renomear nome do campo
Rename {0},Renomear {0}
"Renamed files and replaced code in controllers, please check!","Arquivos renomeados e código substituído nos controladores, verifique!"
Render labels to the left and values to the right in this section,Renderize rótulos à esquerda e valores à direita nesta seção
Reopen,Reabrir
Repeat,Repita
Repeat Header and Footer,Repetir cabeçalho e rodapé
Repeat on Days,Repita nos dias
"Repeats like ""aaa"" are easy to guess","Repetições como ""aaa"" são fáceis de adivinhar"
"Repeats like ""abcabcabc"" are only slightly harder to guess than ""abc""","Repetições como ""abcabcabc"" são apenas um pouco mais difíceis de adivinhar do que ""abc"""
Repeats {0},Repete {0}
Replicate,Replicar
Replicating...,Replicando...
Replication completed.,Replicação concluída.
Replied,Respondeu
Reply All,Responder a todos
Reply To Address,Responder ao endereço
Reply To email is required,Responder ao Email é obrigatório
Reply-To Addresses,Endereços de resposta
Report,Relatório
Report Builder,Construtor de relatórios
Report Column,Coluna do relatório
Report Document Error,Reportar erro no documento
Report Filter,Filtro de relatório
Report Manager,Gerenciador de relatórios
Report Name,Nome do relatório
"Report Name, Report Field and Fucntion are required to create a number card","Nome do relatório, campo do relatório e função são necessários para criar um cartão numérico"
Report Ref DocType,Tipo de documento de referência do relatório
Report Reference Doctype,Tipo de documento de referência do relatório
Report Type,Tipo de relatório
Report View,Visualização do relatório
Report bug,Reportar bug
Report cannot be set for Single types,O relatório não pode ser definido para tipos únicos
"Report has no data, please modify the filters or change the Report Name",O relatório não contém dados. Modifique os filtros ou altere o nome do relatório
"Report has no numeric fields, please change the Report Name",O relatório não possui campos numéricos. Altere o nome do relatório
"Report initiated, click to view status","Relatório iniciado, clique para visualizar o status"
Report limit reached,Limite de relatórios atingido
Report timed out.,O relatório expirou.
Report updated successfully,Relatório atualizado com sucesso
Report was not saved (there were errors),O relatório não foi salvo (houve erros)
Report with more than 10 columns looks better in Landscape mode.,Relatório com mais de 10 colunas fica melhor no modo Paisagem.
Report {0},Relatório {0}
Report {0} deleted,Relatório {0} excluído
Report {0} is disabled,O relatório {0} está desativado
Report {0} saved,Relatório {0} salvo
Report:,Relatório:
Reports,Relatórios
Reports & Masters,Relatórios e Mestres
Reports already in Queue,Relatórios já na fila
Represents a User in the system.,Representa um usuário no sistema.
Represents the states allowed in one document and role assigned to change the state.,Representa os estados permitidos em um documento e a função atribuída para alterar o estado.
Request Body,Corpo da Solicitação
Request Description,Descrição da solicitação
Request Headers,Solicitar cabeçalhos
Request ID,ID da solicitação
Request Limit,Limite de solicitação
Request Method,Método de solicitação
Request Timed Out,Solicitação expirou
Request Timeout,Solicitar tempo limite
Requested Numbers,Números solicitados
"Requires any valid fdn path. i.e. ou=groups,dc=example,dc=com","Requer qualquer caminho fdn válido. ou seja, ou=grupos,dc=exemplo,dc=com"
"Requires any valid fdn path. i.e. ou=users,dc=example,dc=com","Requer qualquer caminho fdn válido. ou seja, ou=usuários,dc=exemplo,dc=com"
Res: {0},Res: {0}
Reset,Reiniciar
Reset All,Redefinir tudo
Reset All Customizations,Redefinir todas as personalizações
Reset Changes,Redefinir alterações
Reset Chart,Redefinir gráfico
Reset Dashboard Customizations,Redefinir personalizações do painel
Reset Fields,Redefinir campos
Reset LDAP Password,Redefinir senha LDAP
Reset Layout,Redefinir layout
Reset OTP Secret,Redefinir segredo OTP
Reset Password,Redefinir senha
Reset Password Link Expiry Duration,Duração de expiração do link de redefinição de senha
Reset Password Template,Modelo de redefinição de senha
Reset Permissions for {0}?,Redefinir permissões para {0}?
Reset To Default,Redefinir para o padrão
Reset sorting,Redefinir classificação
Reset to default,Redefinir para o padrão
Reset to defaults,Redefinir para os padrões
Reset your password,Redefinir sua senha
Resource,Recurso
Resource Documentation,Documentação de recursos
Resource Name,Nome do recurso
Resource Policy URI,URI da Política de Recursos
Resource TOS URI,URI do TOS do recurso
Response Headers,Cabeçalhos de resposta
Response Type,Tipo de resposta
Rest of the day,Resto do dia
Restore Original Permissions,Restaurar permissões originais
Restore to default settings?,Restaurar as configurações padrão?
Restoring Deleted Document,Restaurando Documento Excluído
Restrict Removal,Restringir remoção
Restrict user from this IP address only. Multiple IP addresses can be added by separating with commas. Also accepts partial IP addresses like (111.111.111),Restringir o usuário apenas deste endereço IP. Vários endereços IP podem ser adicionados separando-os por vírgulas. Também aceita endereços IP parciais como (111.111.111)
Restrictions,Restrições
Result,Resultado
Resume Sending,Retomar envio
Retry,Tentar novamente
Retry Sending,Tentar enviar novamente
Return to the Verification screen and enter the code displayed by your authentication app,Volte para a tela de verificação e digite o código exibido pelo seu aplicativo de autenticação
Reverting length to {0} for '{1}' in '{2}'. Setting the length as {3} will cause truncation of data.,Revertendo comprimento para {0} para '{1}' em '{2}'. Definir o comprimento como {3} causará truncamento de dados.
Revocation URI,URI de revogação
Revoke,Revogar
Rich Text,Texto rico
Right Bottom,Inferior direito
Right Center,Centro direito
Robots.txt,Robôs.txt
Role 'All' will be given to all system + website users.,A função 'Todos' será atribuída a todos os usuários do sistema + site.
Role 'Desk User' will be given to all system users.,A função 'Usuário de mesa' será atribuída a todos os usuários do sistema.
Role Permission for Page and Report,Permissão de função para página e relatório
Role Permissions,Permissões de função
Role Permissions Manager,Gerenciador de permissões de função
Role Profile,Perfil de função
Role Profiles,Perfis de função
Role Replication,Replicação de função
Role has been set as per the user type {0},A função foi definida de acordo com o tipo de usuário {0}
Roles,Funções
Roles & Permissions,Funções e permissões
Roles Html,Funções HTML
Roles can be set for users from their User page.,As funções podem ser definidas para usuários na página Usuário.
Root {0} cannot be deleted,A raiz {0} não pode ser excluída
Rounding Method,Método de arredondamento
Route,Rota
Route History,Histórico de rotas
Route Options,Opções de rota
"Route: Example ""/desk""","Rota: Exemplo ""/desk"""
Row,Linha
Row #,Linha #
Row # {0}: Non administrator user can not set the role {1} to the custom doctype,Linha nº {0}: usuário não administrador não pode definir a função {1} para o tipo de documento personalizado
Row #{0}:,Linha nº{0}:
Row #{}: Fieldname is required,Linha nº{}: nome do campo é obrigatório
Row Format,Formato de linha
Row Indexes,Índices de linha
Row Number,Número da linha
Row Values Changed,Valores de linha alterados
Row {0},Linha {0}
Row {0}: Not allowed to disable Mandatory for standard fields,Linha {0}: Não é permitido desabilitar Obrigatório para campos padrão
Row {0}: Not allowed to enable Allow on Submit for standard fields,Linha {0}: não é permitido ativar Permitir ao enviar para campos padrão
Rows Added,Linhas adicionadas
Rows Removed,Linhas removidas
Rows Threshold for Grid Search,Limite de linhas para pesquisa em grade
"Rule for this doctype, role, permlevel and if-owner combination already exists.","A regra para esta combinação de tipo de documento, função, permlevel e if-owner já existe."
Rules defining transition of state in the workflow.,Regras que definem a transição de estado no fluxo de trabalho.
"Rules for how states are transitions, like next state and which role is allowed to change state etc.","Regras sobre como os estados são transições, como o próximo estado e qual função pode mudar de estado, etc."
Runtime in Minutes,Tempo de execução em minutos
Runtime in Seconds,Tempo de execução em segundos
SMS,SMS
SMS Gateway URL,URL do gateway de SMS
SMS Log,Registro de SMS
SMS Parameter,Parâmetro SMS
SMS Settings,Configurações de SMS
SMS sent successfully,SMS enviado com sucesso
SMS was not sent. Please contact Administrator.,SMS não foi enviado. Entre em contato com o administrador.
SMTP Server is required,Servidor SMTP é necessário
SQL,SQL
"SQL Conditions. Example: {""status"" : ""open"", ""priority"" : ""medium""}","Condições SQL. Exemplo: {""status"": ""aberto"", ""prioridade"": ""médio""}"
SQL Explain,Explicação SQL
SQL Output,Saída SQL
SQL Queries,Consultas SQL
SQL functions are not allowed as strings in SELECT: {0}. Use dict syntax like {{'COUNT': '*'}} instead.,Funções SQL não são permitidas como strings em SELECT: {0}. Use sintaxe de dict como {{'COUNT': '*'}} em vez disso.
SUCCESS,SUCESSO
"SUCCESS,FAILURE","SUCESSO, FRACASSO"
"SUCCESS,FAILURE,DELAY","SUCESSO, FRACASSO, ATRASO"
SWATCHES,AMOSTRAS
Sales Manager,Gerente de vendas
Sales Master Manager,Gerente Mestre de Vendas
Sales User,Usuário de vendas
"Sales without complexity, lock-in and per-user costs. Try it for free!","Vendas sem complexidade, lock-in e custos por usuário. Experimente gratuitamente!"
Salesforce,Força de vendas
Same Field is entered more than once,O mesmo campo é inserido mais de uma vez
Saturday,Sábado
Save,Salvar
Save Anyway,Salvar mesmo assim
Save As,Salvar como
Save Customizations,Salvar personalizações
Save Report,Salvar relatório
Save filters,Salvar filtros
Save on Completion,Economize na conclusão
Save the document.,Salve o documento.
Saved,Salvo
Saved Filters,Filtros salvos
Saving,Salvando
Saving Changes...,Salvando alterações...
Saving Customization...,Salvando personalização...
Saving Sidebar,Salvando a barra lateral
Saving this will export this document as well as the steps linked here as json.,"Salvar isto exportará este documento, bem como as etapas vinculadas aqui como json."
Saving...,Salvando...
Scan,Digitalizar
Scan QRCode,Escaneie o QRCode
Scan the QR Code and enter the resulting code displayed.,Digitalize o QR Code e insira o código resultante exibido.
Schedule,Agendar
Schedule Send At,Agendar envio em
Scheduled,Agendado
Scheduled Against,Programado contra
Scheduled Job Log,Log de trabalho agendado
Scheduled Job Type,Tipo de trabalho agendado
Scheduled execution for script {0} has updated,A execução agendada do script {0} foi atualizada
Scheduled to send,Programado para enviar
Scheduler,Agendador
Scheduler Event,Evento do Agendador
Scheduler Inactive,Agendador inativo
Scheduler Status,Status do agendador
Scheduler can not be re-enabled when maintenance mode is active.,O Agendador não pode ser reativado quando o modo de manutenção está ativo.
Scheduler is inactive. Cannot import data.,O agendador está inativo. Não é possível importar dados.
Scheduler: Active,Agendador: Ativo
Scheduler: Inactive,Agendador: Inativo
Scope,Escopo
Scopes,Escopos
Scopes Supported,Escopos suportados
Script,Roteiro
Script Manager,Gerenciador de scripts
Script Report,Relatório de roteiro
Script Type,Tipo de roteiro
Script to attach to all web pages.,Script para anexar a todas as páginas da web.
Scripting,Scripts
Scripting / Style,Script/Estilo
Scripts,Roteiros
Search,Procurar
Search Bar,Barra de pesquisa
Search Help,Pesquisar ajuda
Search Results,Resultados da pesquisa
Search by filename or extension,Pesquise por nome de arquivo ou extensão
Search field {0} is not valid,O campo de pesquisa {0} não é válido
Search fields,Campos de pesquisa
Search fieldtypes...,Pesquisar tipos de campo...
Search for anything,Procure por qualquer coisa
Search for countries...,Pesquisar países...
Search for icons...,Pesquisar ícones...
Search for {0},Pesquisar por {0}
Search in a document type,Pesquisar em um tipo de documento
Search or type a command,Pesquise ou digite um comando
Search properties...,Pesquisar propriedades...
Search results for,Resultados da pesquisa por
Search the docs (Press / to focus),Pesquise os documentos (pressione / para focar)
Search...,Procurar...
Searching ...,Procurando...
Seconds,Segundos
Section Heading,Título da seção
Section ID,ID da seção
Section Title,Título da seção
Section must have at least one column,A seção deve ter pelo menos uma coluna
Security Alert: Your account is being impersonated,Alerta de segurança: sua conta está sendo falsificada
Security Alert: Your password has been changed.,Alerta de segurança: sua senha foi alterada.
Security Error: The Path provided is not safe.,Erro de segurança: o caminho fornecido não é seguro.
Security Settings Contact,Contato de configurações de segurança
Security Settings Language,Idioma das configurações de segurança
Security.txt,Segurança.txt
Security.txt will be served only under HTTPS.,Security.txt será veiculado somente em HTTPS.
Security.txt will expire soon!,Security.txt irá expirar em breve!
See all Activity,Ver todas as atividades
See on Website,Veja no site
See previous responses,Ver respostas anteriores
See the document at {0},Veja o documento em {0}
Seen,Visto
Select,Selecione
Select All,Selecionar tudo
Select Attachments,Selecione Anexos
Select Child Table,Selecione tabela filha
Select Column,Selecione Coluna
Select Columns,Selecione Colunas
Select Country,Selecione o país
Select Currency,Selecione a moeda
Select Dashboard,Selecione Painel
Select DocType,Selecione TipoDoc
Select Doctype,Selecione o tipo de documento
Select Document Type,Selecione o tipo de documento
Select Document Type or Role to start.,Selecione o tipo de documento ou função para começar.
Select Document Types to set which User Permissions are used to limit access.,Selecione Tipos de documentos para definir quais permissões de usuário serão usadas para limitar o acesso.
Select Field,Selecione o campo
Select Field...,Selecione Campo...
Select Fields,Selecione os campos
Select Fields (Up to {0}),Selecione campos (até {0})
Select Fields To Insert,Selecione os campos para inserir
Select Fields To Update,Selecione os campos para atualizar
Select Filters,Selecione Filtros
Select Google Calendar to which event should be synced.,Selecione o Google Calendar com o qual o evento deve ser sincronizado.
Select Google Contacts to which contact should be synced.,Selecione os Contatos do Google com os quais o contato deve ser sincronizado.
Select Group By...,Selecione Agrupar por...
Select Kanban,Selecione Kanban
Select Language,Selecione o idioma
Select List View,Selecione Visualização de lista
Select Mandatory,Selecione Obrigatório
Select Module,Selecione Módulo
Select Network Printer,Selecione impressora de rede
Select Page,Selecione a página
Select Print Format,Selecione o formato de impressão
Select Print Format to Edit,Selecione o formato de impressão para editar
Select Report,Selecione Relatório
Select Table Columns for {0},Selecione Colunas da Tabela para {0}
Select Time Zone,Selecione o fuso horário
Select Workflow,Selecione Fluxo de Trabalho
Select Workspace,Selecione o espaço de trabalho
Select a Brand Image first.,Selecione primeiro uma imagem de marca.
Select a DocType to make a new format,Selecione um DocType para criar um novo formato
Select a field to edit its properties.,Selecione um campo para editar suas propriedades.
Select a group {0} first.,Selecione um grupo {0} primeiro.
Select a valid Sender Field for creating documents from Email,Selecione um campo de remetente válido para criar documentos de Email
Select a valid Subject field for creating documents from Email,Selecione um campo Assunto válido para criar documentos de Email
Select an Image,Selecione uma imagem
Select an existing format to edit or start a new format.,Selecione um formato existente para editar ou iniciar um novo formato.
Select an image of approx width 150px with a transparent background for best results.,Selecione uma imagem de aproximadamente 150px de largura com fundo transparente para obter melhores resultados.
Select atleast 1 record for printing,Selecione pelo menos 1 registro para impressão
Select atleast 2 actions,Selecione pelo menos duas ações
Select list item,Selecione o item da lista
Select multiple list items,Selecione vários itens da lista
Select or drag across time slots to create a new event.,Selecione ou arraste os intervalos de tempo para criar um novo evento.
Select records for assignment,Selecione registros para atribuição
Select records for removing assignment,Selecione registros para remover atribuição
Select two versions to view the diff.,Selecione duas versões para ver a diferença.
Select which delivery events should trigger a delivery status notification (DSN) from the SMTP server.,Selecione quais eventos de entrega devem acionar uma notificação de status de entrega (DSN) do servidor SMTP.
Self approval is not allowed,A autoaprovação não é permitida
Send,Enviar
Send <b>at the earliest</b> this number of minutes before or after the reference datetime. The actual sending may be delayed by up to 5 minutes due to the scheduler's trigger cadence.,Envie <b>no mínimo</b> esse número de minutos antes ou depois da data e hora de referência. O envio real pode ser atrasado em até 5 minutos devido à cadência de disparo do agendador.
Send As Raw HTML,Enviar como HTML bruto
Send Email Alert,Enviar alerta por Email
Send Email On State,Enviar Email no estado
Send Email Print Attachments as PDF (Recommended),Enviar anexos de impressão por Email como PDF (recomendado)
Send Email To Creator,Enviar Email para o criador
Send Me A Copy of Outgoing Emails,Envie-me uma cópia dos Emails enviados
Send Notifications For Email Threads,Enviar notificações para tópicos de Email
Send Now,Enviar agora
Send Read Receipt,Enviar recibo de leitura
Send Welcome Email,Enviar Email de boas-vindas
Send alert if datetime matches this field's value,Enviar alerta se a data e hora corresponder ao valor deste campo
Send an email reminder in the morning,Envie um lembrete por Email pela manhã
Send email when document transitions to the state.,Enviar Email quando o documento for transferido para o estado.
Send enquiries to this email address,Envie perguntas para este endereço de Email
Send login link,Enviar link de login
Send me a copy,Envie-me uma cópia
Send unsubscribe message in email,Enviar mensagem de cancelamento de inscrição por Email
Sender,Remetente
Sender Email,Email do remetente
Sender Email Field,Campo de Email do remetente
Sender Field should have Email in options,O campo do remetente deve ter Email nas opções
Sender Name,Nome do remetente
Sender Name Field,Campo Nome do Remetente
Sendgrid,Sendgrid
Sending,Enviando
Sent,Enviado
Sent Folder Name,Nome da pasta enviada
Sent On,Enviado
Sent To,Enviado para
Sent/Received Email,Email enviado/recebido
Sequence Id,ID de sequência
Series Updated for {},Série atualizada para {}
Series counter for {} updated to {} successfully,Contador de série para {} atualizado para {} com sucesso
Series {0} already used in {1},Série {0} já usada em {1}
Server Error,Erro no servidor
Server Script,Script do Servidor
Server Scripts are disabled. Please enable server scripts from bench configuration.,Os scripts do servidor estão desabilitados. Habilite os scripts do servidor na configuração do bench.
Server Scripts feature is not available on this site.,O recurso Server Scripts não está disponível neste site.
Server error during upload. The file might be corrupted.,Erro no servidor durante o upload. O arquivo pode estar corrompido.
Server failed to process this request because of a concurrent conflicting request. Please try again.,"O servidor não conseguiu processar esta solicitação devido a uma solicitação conflitante simultânea. Por favor, tente novamente."
Server was too busy to process this request. Please try again.,"O servidor estava muito ocupado para processar esta solicitação. Por favor, tente novamente."
Service,Serviço
Session Created,Sessão criada
Session Default,Padrão de sessão
Session Default Settings,Configurações padrão da sessão
Session Defaults,Padrões de sessão
Session Defaults Saved,Padrões de sessão salvos
Session Expired,Sessão expirada
Session Expiry (idle timeout),Expiração da sessão (tempo limite de inatividade)
Session Expiry must be in format {0},A expiração da sessão deve estar no formato {0}
Sessions,Sessões
Set,Definir
Set Banner from Image,Definir banner da imagem
Set Chart,Definir gráfico
"Set Default Options for all charts on this Dashboard (Ex: ""colors"": [""#d1d8dd"", ""#ff5858""])","Definir opções padrão para todos os gráficos neste painel (Ex: ""colors"": [""#d1d8dd"", ""#ff5858""])"
Set Dynamic Filters,Definir filtros dinâmicos
Set Filters,Definir filtros
Set Filters for {0},Definir filtros para {0}
Set Level,Definir nível
Set Limit,Definir limite
Set Naming Series options on your transactions.,Defina opções de série de nomes em suas transações.
Set Number of Backups,Definir número de backups
Set Password,Definir senha
Set Permissions,Definir permissões
Set Properties,Definir propriedades
Set Quantity,Definir quantidade
Set User Permissions,Definir permissões de usuário
Set all private,Definir tudo como privado
Set all public,Definir tudo como público
Set as Default,Definir como padrão
Set as Default Theme,Definir como tema padrão
Set by user,Definido pelo usuário
Set dynamic filter values in JavaScript for the required fields here.,Defina valores de filtro dinâmico em JavaScript para os campos obrigatórios aqui.
Set non-standard precision for a Float or Currency field,Definir precisão fora do padrão para um campo flutuante ou de moeda
"Set non-standard precision for a Float, Currency or Percent field","Definir precisão fora do padrão para campos flutuantes, de moeda ou de porcentagem"
Set only once,Definir apenas uma vez
Set size in MB,Definir tamanho em MB
"Set the filters here. For example:|||<pre class=""small text-muted""><code>|||[{|||	fieldname: ""company"",|||	label: __(""Company""),|||	fieldtype: ""Link"",|||	options: ""Company"",|||	default: frappe.defaults.get_user_default(""Company""),|||	reqd: 1|||},|||{|||	fieldname: ""account"",|||	label: __(""Account""),|||	fieldtype: ""Link"",|||	options: ""Account"",|||	reqd: 1|||}]|||</code></pre>","Defina os filtros aqui. Por exemplo:|||<pre class=""small text-muted""><code>|||[{|||	nomedocampo: ""empresa"",|||	rótulo: __(""Empresa""),|||	tipo de campo: ""Link"",|||	opções: ""Empresa"",|||	padrão: frappe.defaults.get_user_default(""Empresa""),|||	necessário: 1|||},|||{|||	nomedocampo: ""conta"",|||	rótulo: __(""Conta""),|||	tipo de campo: ""Link"",|||	opções: ""Conta"",|||	necessário: 1|||}]|||</code></pre>"
"Set the path to a whitelisted function that will return the data for the number card in the format:||||||<pre class=""small text-muted""><code>|||{|||	""value"": value,|||	""fieldtype"": ""Currency"",|||	""route_options"": {""from_date"": ""2023-05-23""},|||	""route"": [""query-report"", ""Permitted Documents For User""]|||}</code></pre>","Defina o caminho para uma função na lista de permissões que retornará os dados do cartão numérico no formato:||||||<pre class=""small text-muted""><code>|||{|||	""valor"": valor,|||	""fieldtype"": ""Moeda"",|||	""route_options"": {""from_date"": ""2023-05-23""},|||	""route"": [""query-report"", ""Documentos permitidos para o usuário""]|||}</code></pre>"
Setting,Contexto
Setting this Address Template as default as there is no other default,"Definir este modelo de endereço como padrão, pois não há outro padrão"
Setting up Global Search documents.,Configurando documentos de Pesquisa Global.
Setting up your system,Configurando seu sistema
Settings,Configurações
Settings for Contact Us Page,Configurações da página Fale conosco
Settings for the About Us Page,Configurações para a página Sobre nós
Setup,Configurar
Setup > Customize Form,Configuração > Personalizar formulário
Setup > User,Configuração > Usuário
Setup > User Permissions,Configuração > Permissões do usuário
Setup Auto Email,Configurar Email automático
Setup Complete,Configuração concluída
Setup Series for transactions,Série de configuração para transações
Setup Wizard,Assistente de configuração
Setup failed,Falha na configuração
Share,Compartilhar
Share With,Compartilhar com
Share this document with,Compartilhe este documento com
Share {0} with,Compartilhar {0} com
Shared with the following Users with Read access:{0},Compartilhado com os seguintes usuários com acesso de leitura:{0}
Shipping Address,Endereço para envio
Short keyboard patterns are easy to guess,Padrões curtos de teclado são fáceis de adivinhar
Shortcuts,Atalhos
Show,Mostrar
Show Absolute Datetime in Timeline,Mostrar data e hora absoluta na linha do tempo
Show Absolute Values,Mostrar valores absolutos
Show All,Mostrar tudo
Show Arrow,Mostrar seta
Show Auth Server Metadata,Mostrar metadados do servidor de autenticação
Show Calendar,Mostrar calendário
Show Currency Symbol on Right Side,Mostrar símbolo de moeda no lado direito
Show Dashboard,Mostrar painel
Show Description on Click,Mostrar descrição ao clicar
Show Document,Mostrar documento
Show Error,Mostrar erro
Show External Link Warning,Mostrar aviso de link externo
Show Fieldname (click to copy on clipboard),Mostrar nome do campo (clique para copiar na área de transferência)
Show First Document Tour,Mostrar primeiro tour de documentos
Show Form Tour,Mostrar tour pelo formulário
Show Full Number,Mostrar número completo
Show Keyboard Shortcuts,Mostrar atalhos de teclado
Show Labels,Mostrar rótulos
Show Language Picker,Mostrar seletor de idioma
Show Links,Mostrar links
Show Only Failed Logs,Mostrar apenas registros com falha
Show Permissions,Mostrar permissões
Show Preview,Mostrar visualização
Show Preview Popup,Mostrar pop-up de visualização
Show Processlist,Mostrar lista de processos
Show Protected Resource Metadata,Mostrar metadados de recursos protegidos
Show Related Errors,Mostrar erros relacionados
Show Report,Mostrar relatório
Show Sidebar,Mostrar barra lateral
Show Social Login Key as Authorization Server,Mostrar chave de login social como servidor de autorização
Show Tags,Mostrar tags
Show Title in Link Fields,Mostrar título em campos de link
Show Totals,Mostrar totais
Show Tour,Mostrar tour
Show Traceback,Mostrar rastreamento
Show Values over Chart,Mostrar valores no gráfico
Show Warnings,Mostrar avisos
Show Weekends,Mostrar fins de semana
Show account deletion link in My Account page,Mostrar link de exclusão de conta na página Minha conta
Show all Versions,Mostrar todas as versões
Show all activity,Mostrar todas as atividades
Show as cc,Mostrar como cc
Show attachments,Mostrar anexos
Show footer on login,Mostrar rodapé no login
Show in Resource Metadata,Mostrar nos metadados do recurso
Show link to document,Mostrar link para documento
Show list,Mostrar lista
Show more details,Mostrar mais detalhes
Show on Timeline,Mostrar na linha do tempo
Show sidebar,Mostrar barra lateral
"Show title in browser window as ""Prefix - title""","Mostrar o título na janela do navegador como ""Prefixo - título"""
Show {0} List,Mostrar lista {0}
Showing only Numeric fields from Report,Mostrando apenas campos numéricos do relatório
Showing only first {0} rows out of {1},Mostrando apenas as primeiras {0} linhas de {1}
Sidebar,Barra lateral
Sidebar Item Group,Grupo de itens da barra lateral
Sidebar Item Group Link,Link do grupo de itens da barra lateral
Sidebar and Comments,Barra lateral e comentários
Sign Out,Sair
Sign Up and Confirmation,Inscrição e confirmação
Sign Up is disabled,A inscrição está desativada
Sign up,Inscrever-se
Sign ups,Inscrições
Signup Disabled,Inscrição desativada
Signups have been disabled for this website.,As inscrições foram desativadas para este site.
"Simple Python Expression, Example: <code class=""language-python"">status == ""Invalid""</code>","Expressão Python simples, exemplo: <code class=""linguagem-python"">status == ""Inválido""</code>"
"Simple Python Expression, Example: <code class=""language-python"">status == 'Open' and issue_type == 'Bug'</code>","Expressão Python simples, exemplo: <code class=""language-python"">status == 'Open' e issue_type == 'Bug'</code>"
"Simple Python Expression, Example: <code class=""language-python"">status in (""Closed"", ""Cancelled"")</code>","Expressão Python simples, exemplo: <code class=""language-python"">status in (""Closed"", ""Cancelled"")</code>"
Single DocTypes cannot be customized.,DocTypes únicos não podem ser personalizados.
Single Types have only one record no tables associated. Values are stored in tabSingles,Os tipos únicos possuem apenas um registro e nenhuma tabela associada. Os valores são armazenados em tabSingles
Site,Site
"Site is running in read only mode for maintenance or site update, this action can not be performed right now. Please try again later.","O site está sendo executado em modo somente leitura para manutenção ou atualização do site. Esta ação não pode ser executada no momento. Por favor, tente novamente mais tarde."
Size,Tamanho
Size (MB),Tamanho (MB)
Size exceeds the maximum allowed file size.,O tamanho excede o tamanho máximo de arquivo permitido.
Skip,Pular
Skip All,Pular tudo
Skip Step,Pular etapa
Skipped,Ignorado
Skipping Duplicate Column {0},Ignorando coluna duplicada {0}
Skipping Untitled Column,Ignorando coluna sem título
Skipping column {0},Ignorando coluna {0}
Skipping fixture syncing for doctype {0} from file {1},Ignorando a sincronização do fixture para o tipo de documento {0} do arquivo {1}
"Skipping {0} of {1}, {2}","Ignorando {0} de {1}, {2}"
Skype,Skype
Slack Webhook Error,Erro de webhook do Slack
Slack Webhook URL,URL do webhook do Slack
Slideshow,Apresentação de slides
Slideshow Items,Itens da apresentação de slides
Slideshow Name,Nome da apresentação de slides
Slideshow like display for the website,Apresentação de slides como exibição para o site
Slug,Lesma
Smallest circulating fraction unit (coin). For e.g. 1 cent for USD and it should be entered as 0.01,"Menor unidade de fração circulante (moeda). Por exemplo 1 centavo para USD e deve ser inserido como 0,01"
Snippet and more variables:  {0},Snippet e mais variáveis: {0}
Social Link Settings,Configurações de links sociais
Social Link Type,Tipo de link social
Social Login Key,Chave de login social
Social Logins,Logins sociais
SocketIO Ping Check,Verificação de ping do SocketIO
SocketIO Transport Mode,Modo de transporte SocketIO
Soft-Bounced,Soft-Bounce
Software ID,ID do software
Software Version,Versão do software
Solid,Sólido
Some columns might get cut off when printing to PDF. Try to keep number of columns under 10.,Algumas colunas podem ser cortadas durante a impressão em PDF. Tente manter o número de colunas abaixo de 10.
"Some mailboxes require a different Sent Folder Name e.g. ""INBOX.Sent""","Algumas caixas de correio exigem um nome de pasta enviada diferente, por exemplo. ""INBOX.Enviado"""
Some of the features might not work in your browser. Please update your browser to the latest version.,Alguns dos recursos podem não funcionar no seu navegador. Atualize seu navegador para a versão mais recente.
Something went wrong,Algo deu errado
Something went wrong during the token generation. Click on {0} to generate a new one.,Algo deu errado durante a geração do token. Clique em {0} para gerar um novo.
Something went wrong.,Algo deu errado.
Sorry! I could not find what you were looking for.,Desculpe! Não consegui encontrar o que você procurava.
Sorry! You are not permitted to view this page.,Desculpe! Você não tem permissão para visualizar esta página.
Sort Ascending,Classificar em ordem crescente
Sort Descending,Classificar em ordem decrescente
Sort Options,Opções de classificação
Sort field {0} must be a valid fieldname,O campo de classificação {0} deve ser um nome de campo válido
Source,Fonte
Source Code,Código Fonte
Source Name,Nome da fonte
Source Text,Texto Fonte
Spacer,Espaçador
Spam,Spam
SparkPost,SparkPost
Spawns actions in a background job,Gera ações em um trabalho em segundo plano
Special Characters are not allowed,Caracteres especiais não são permitidos
"Special Characters except '-', '#', '.', '/', '{{' and '}}' not allowed in naming series {0}","Caracteres especiais, exceto '-', '#', '.', '/', '{{' e '}}', não são permitidos na nomenclatura de séries {0}"
"Specify a custom timeout, default timeout is 1500 seconds","Especifique um tempo limite personalizado, o tempo limite padrão é 1.500 segundos"
"Specify the domains or origins that are permitted to embed this form. Enter one domain per line (e.g., https://example.com). If no domains are specified, the form can only be embedded on the same origin.","Especifique os domínios ou origens que têm permissão para incorporar este formulário. Insira um domínio por linha (por exemplo, https://example.com). Se nenhum domínio for especificado, o formulário só poderá ser incorporado na mesma origem."
Splash Image,Imagem inicial
Sr,Sr.
Sr No.,Sr. Não.
Stack Trace,Rastreamento de pilha
Standard,Padrão
Standard DocType can not be deleted.,DocType padrão não pode ser excluído.
"Standard DocType cannot have default print format, use Customize Form","DocType padrão não pode ter formato de impressão padrão, use Personalizar formulário"
Standard Not Set,Padrão não definido
Standard Permissions,Permissões padrão
Standard Print Format cannot be updated,O formato de impressão padrão não pode ser atualizado
Standard Print Style cannot be changed. Please duplicate to edit.,O estilo de impressão padrão não pode ser alterado. Duplique para editar.
Standard Reports cannot be deleted,Os relatórios padrão não podem ser excluídos
Standard Reports cannot be edited,Os relatórios padrão não podem ser editados
Standard Sidebar Menu,Menu da barra lateral padrão
"Standard Web Forms can not be modified, duplicate the Web Form instead.","Os formulários da Web padrão não podem ser modificados; em vez disso, duplique o formulário da Web."
Standard rich text editor with controls,Editor de rich text padrão com controles
Standard roles cannot be disabled,As funções padrão não podem ser desativadas
Standard roles cannot be renamed,As funções padrão não podem ser renomeadas
Standard user type {0} can not be deleted.,O tipo de usuário padrão {0} não pode ser excluído.
Start,Começar
Start Date,Data de início
Start Import,Iniciar importação
Start Recording,Comece a gravar
Start Time,Hora de início
Start a new discussion,Iniciar uma nova discussão
Start entering data below this line,Comece a inserir dados abaixo desta linha
Start new Format,Iniciar novo formato
StartTLS,IniciarTLS
Started At,Começou em
Starting Frappe ...,Iniciando greve...
State Properties,Propriedades do Estado
Statistics,Estatísticas
Stats,Estatísticas
Status,Status
Status Updated,Status atualizado
Status Updated. The email will be picked up in the next scheduled run.,Status atualizado. O Email será coletado na próxima execução agendada.
Status: {0},Status: {0}
Steps to verify your login,Etapas para verificar seu login
Sticky,Pegajoso
Stop,Parar
Stopped,Parou
Storage Usage (MB),Uso de armazenamento (MB)
Storage Usage By Table,Uso de armazenamento por tabela
Store Attached PDF Document,Armazenar documento PDF anexado
Store the API secret securely. It won't be displayed again.,Armazene o segredo da API com segurança. Não será exibido novamente.
Stores the datetime when the last reset password key was generated.,Armazena a data e hora em que a última chave de redefinição de senha foi gerada.
Straight rows of keys are easy to guess,Linhas retas de teclas são fáceis de adivinhar
Strip EXIF tags from uploaded images,Remova as tags EXIF ​​das imagens enviadas
Strong,Forte
"Style represents the button color: Success - Green, Danger - Red, Inverse - Black, Primary - Dark Blue, Info - Light Blue, Warning - Orange","O estilo representa a cor do botão: Sucesso - Verde, Perigo - Vermelho, Inverso - Preto, Primário - Azul Escuro, Informação - Azul Claro, Aviso - Laranja"
"Sub-currency. For e.g. ""Cent""","Submoeda. Por exemplo ""Centão"""
Subject,Assunto
Subject Field,Campo Assunto
"Subject Field type should be Data, Text, Long Text, Small Text, Text Editor","O tipo de campo de assunto deve ser Dados, Texto, Texto Longo, Texto Pequeno, Editor de Texto"
Submission Queue,Fila de envio
Submit,Enviar
Submit an Issue,Envie um problema
Submit another response,Enviar outra resposta
Submit button label,Enviar rótulo do botão
Submit on Creation,Enviar na criação
Submit this document to complete this step.,Envie este documento para concluir esta etapa.
Submit this document to confirm,Envie este documento para confirmar
Submit {0} documents?,Enviar {0} documentos?
Submitted,Enviado
Submitted Document cannot be converted back to draft. Transition row {0},O documento enviado não pode ser convertido novamente em rascunho. Linha de transição {0}
Submitted document cannot be converted back to draft while transitioning from <b>{0} State</b> to <b>{1} State</b>,O documento enviado não pode ser convertido novamente em rascunho durante a transição de <b>{0} Estado</b> para <b>{1} Estado</b>
Submitting,Enviando
Submitting {0},Enviando {0}
Subtle,Sutil
Success,Sucesso
Success Action,Ação de sucesso
Success URI,URI de sucesso
Success message,Mensagem de sucesso
Success title,Título de sucesso
Successful Job Count,Contagem de trabalhos bem-sucedidos
Successful Transactions,Transações bem-sucedidas
Successful: {0} to {1},Bem-sucedido: {0} a {1}
Successfully Updated,Atualizado com sucesso
Successfully imported {0},Importado {0} com sucesso
Successfully imported {0} out of {1} records.,Importado com sucesso {0} de {1} registros.
Successfully reset onboarding status for all users.,Redefinição do status de integração para todos os usuários.
Successfully signed out,Desconectado com sucesso
Successfully updated translations,Traduções atualizadas com sucesso
Successfully updated {0},Atualizado com sucesso {0}
Successfully updated {0} out of {1} records.,{0} de {1} registros atualizados com sucesso.
Suggest Optimizations,Sugerir otimizações
Suggested Indexes,Índices sugeridos
Suggested Username: {0},Nome de usuário sugerido: {0}
Sum,Soma
Sum of {0},Soma de {0}
Summary,Resumo
"Support without complexity, lock-in and per-user costs. Try it for free!","Suporte sem complexidade, dependência e custos por usuário. Experimente gratuitamente!"
Suspend Sending,Suspender envio
Switch Camera,Trocar câmera
Switch Theme,Mudar tema
Switch To Desk,Mudar para mesa
Switch to Frappe CRM,Mude para o Frappe CRM
Switch to Helpdesk,Mudar para o suporte técnico
Switching Camera,Trocando de câmera
Sync Calendar,Sincronizar calendário
Sync Contacts,Sincronizar contatos
Sync events from Google as public,Sincronize eventos do Google como públicos
Sync on Migrate,Sincronizar na migração
"Sync token was invalid and has been reset, Retry syncing.",O token de sincronização era inválido e foi redefinido. Tente sincronizar novamente.
Sync {0} Fields,Sincronizar {0} campos
Synced Fields,Campos sincronizados
Syncing,Sincronizando
Syncing {0} of {1},Sincronizando {0} de {1}
Syntax Error,Erro de sintaxe
System Console,Console do sistema
System Generated Fields can not be renamed,Os campos gerados pelo sistema não podem ser renomeados
System Health,Saúde do sistema
System Health Report,Relatório de integridade do sistema
System Health Report Errors,Erros do relatório de integridade do sistema
System Health Report Failing Jobs,Trabalhos com falha no relatório de integridade do sistema
System Health Report Queue,Fila de relatórios de integridade do sistema
System Health Report Tables,Tabelas de relatório de integridade do sistema
System Health Report Workers,Trabalhadores do Relatório de Saúde do Sistema
System Manager,Gerente do Sistema
System Manager privileges required.,São necessários privilégios de gerente do sistema.
System Settings,Configurações do sistema
T,T
TOS URI,ÓDIO TOSSE
Tab,Guia
Tab Break,Quebra de tabulação
Tab Label,Etiqueta da guia
Table,Mesa
Table Field,Campo da tabela
Table Fieldname,Nome do campo da tabela
Table Fieldname Missing,Nome do campo da tabela ausente
Table MultiSelect,Seleção múltipla de tabela
"Table MultiSelect requires a table with at least one Link field, but none was found in {0}","Table MultiSelect requer uma tabela com pelo menos um campo Link, mas nenhum foi encontrado em {0}"
Table Trimmed,Mesa aparada
Table updated,Tabela atualizada
Table {0} cannot be empty,A tabela {0} não pode estar vazia
Tabloid,Tablóide
Tag,Marcação
Tag Link,Link da etiqueta
Tags,Etiquetas
Take Photo,Tirar foto
Target,Alvo
Task,Tarefa
Team Members,Membros da equipe
Team Members Subtitle,Legenda dos membros da equipe
Telemetry,Telemetria
Template,Modelo
Template Error,Erro de modelo
Template File,Arquivo de modelo
Templates,Modelos
Temporarily Disabled,Temporariamente desativado
Test Data,Dados de teste
Test Job ID,ID do trabalho de teste
Test Spanish,Teste espanhol
Test_Folder,Pasta_teste
Text Content,Conteúdo de texto
Thank you,Obrigado
Thank you for reaching out to us. We will get back to you at the earliest.|||||||||Your query:||||||{0},Obrigado por entrar em contato conosco. Entraremos em contato com você o mais breve possível.|||||||||Sua consulta:||||||{0}
Thank you for spending your valuable time to fill this form,Obrigado por gastar seu valioso tempo preenchendo este formulário
Thank you for your email,Obrigado pelo seu Email
Thank you for your feedback!,Obrigado pelo seu feedback!
Thank you for your message,Obrigado pela sua mensagem
Thanks,Obrigado
The Auto Repeat for this document has been disabled.,A repetição automática deste documento foi desativada.
The Bulk Update could not happen due to <b>{0}</b>,A atualização em massa não pôde acontecer devido a <b>{0}</b>
The CSV format is case sensitive,O formato CSV diferencia maiúsculas de minúsculas
"The Client ID obtained from the Google Cloud Console under <a href=""https://console.cloud.google.com/apis/credentials"">|||""APIs &amp; Services"" &gt; ""Credentials""|||</a>","O ID do cliente obtido no Console do Google Cloud em <a href=""https://console.cloud.google.com/apis/credentials"">|||""APIs &amp; Services"" &gt; ""Credenciais""|||</a>"
The Condition '{0}' is invalid,A condição '{0}' é inválida
The File URL you've entered is incorrect,O URL do arquivo que você inseriu está incorreto
The Next Scheduled Date cannot be later than the End Date.,A Próxima Data Agendada não pode ser posterior à Data Final.
The Push Relay Server URL key (`push_relay_server_url`) is missing in your site config,A chave de URL do Push Relay Server (`push_relay_server_url`) está faltando na configuração do seu site
The User record for this request has been auto-deleted due to inactivity by system admins.,O registro do usuário para esta solicitação foi excluído automaticamente devido à inatividade dos administradores do sistema.
"The application has been updated to a new version, please refresh this page","O aplicativo foi atualizado para uma nova versão, atualize esta página"
The application name will be used in the Login page.,O nome do aplicativo será usado na página de Login.
The attachments could not be correctly linked to the new document,Os anexos não puderam ser vinculados corretamente ao novo documento
"The browser API key obtained from the Google Cloud Console under <a href=""https://console.cloud.google.com/apis/credentials"">|||""APIs &amp; Services"" &gt; ""Credentials""|||</a>","A chave de API do navegador obtida no Console do Google Cloud em <a href=""https://console.cloud.google.com/apis/credentials"">|||""APIs &amp; Services"" &gt; ""Credenciais""|||</a>"
The changes have been reverted.,As alterações foram revertidas.
The column {0} has {1} different date formats. Automatically setting {2} as the default format as it is the most common. Please change other values in this column to this format.,"A coluna {0} possui {1} formatos de data diferentes. Definir automaticamente {2} como formato padrão, pois é o mais comum. Altere outros valores nesta coluna para este formato."
The comment cannot be empty,O comentário não pode ficar vazio
The configured SMTP server does not support DSN (Delivery Status Notification).,O servidor SMTP configurado não suporta DSN (Delivery Status Notification).
The contents of this email are strictly confidential. Please do not forward this email to anyone.,"O conteúdo deste Email é estritamente confidencial. Por favor, não encaminhe este Email para ninguém."
The count shown is an estimated count. Click here to see the accurate count.,A contagem mostrada é uma contagem estimada. Clique aqui para ver a contagem precisa.
The country's ISO 3166 ALPHA-2 code.,O código ISO 3166 ALPHA-2 do país.
The document could not be correctly assigned,O documento não pôde ser atribuído corretamente
The document has been assigned to {0},O documento foi atribuído a {0}
"The document type selected is a child table, so the parent document type is required.","O tipo de documento selecionado é uma tabela filha, portanto o tipo de documento pai é obrigatório."
The email button is enabled for the user in the document.,O botão de Email está habilitado para o usuário no documento.
The field {0} in {1} does not allow ignoring user permissions,O campo {0} em {1} não permite ignorar as permissões do usuário
The field {0} in {1} links to {2} and not {3},O campo {0} em {1} está vinculado a {2} e não a {3}
The field {0} is mandatory,O campo {0} é obrigatório
The fieldname you've specified in Attached To Field is invalid,O nome do campo que você especificou em Anexado ao campo é inválido
The following Assignment Days have been repeated: {0},Os seguintes Dias de Atribuição foram repetidos: {0}
The following Header Script will add the current date to an element in 'Header HTML' with class 'header-content',O seguinte script de cabeçalho adicionará a data atual a um elemento em 'Header HTML' com a classe 'header-content'
The following configured IMAP folder(s) were not found or are not accessible on the server:<br><ul>{0}</ul>Please verify the folder names exactly as they appear on the server and ensure the account has access to them.,As seguintes pastas IMAP configuradas não foram encontradas ou não estão acessíveis no servidor:<br><ul>{0}</ul>Verifique os nomes das pastas exatamente como aparecem no servidor e certifique-se de que a conta tenha acesso a elas.
The following values are invalid: {0}. Values must be one of {1},Os seguintes valores são inválidos: {0}. Os valores devem ser um de {1}
The following values do not exist for {0}: {1},Os seguintes valores não existem para {0}: {1}
The limit has not set for the user type {0} in the site config file.,O limite não foi definido para o tipo de usuário {0} no arquivo de configuração do site.
The link will expire in {0} minutes,O link expirará em {0} minutos
The link you trying to login is invalid or expired.,O link que você está tentando fazer login é inválido ou expirou.
"The meta description is an HTML attribute that provides a brief summary of a web page. Search engines such as Google often display the meta description in search results, which can influence click-through rates.","A meta descrição é um atributo HTML que fornece um breve resumo de uma página web. Mecanismos de pesquisa como o Google geralmente exibem a meta descrição nos resultados da pesquisa, o que pode influenciar as taxas de cliques."
"The meta image is unique image representing the content of the page. Images for this Card should be at least 280px in width, and at least 150px in height.",A metaimagem é uma imagem única que representa o conteúdo da página. As imagens deste cartão devem ter pelo menos 280px de largura e pelo menos 150px de altura.
The next tour will start from where the user left off.,O próximo tour começará de onde o usuário parou.
The number of seconds until the request expires,O número de segundos até que a solicitação expire
The password of your account has expired.,A senha da sua conta expirou.
The print button is enabled for the user in the document.,O botão imprimir está habilitado para o usuário no documento.
The process for deletion of {0} data associated with {1} has been initiated.,O processo de exclusão de {0} dados associados a {1} foi iniciado.
"The project number obtained from Google Cloud Console under <a href=""https://console.cloud.google.com/iam-admin/settings"">|||""IAM &amp; Admin"" &gt; ""Settings""|||</a>","O número do projeto obtido no Console do Google Cloud em <a href=""https://console.cloud.google.com/iam-admin/settings"">|||""IAM &amp; Admin"" &gt; ""Configurações""|||</a>"
The report you requested has been generated.<br><br>Click here to download:<br><a href='{0}'>{0}</a><br><br>This link will expire in {1} hours.,O relatório solicitado foi gerado.<br><br>Clique aqui para fazer download:<br><a href='{0}'>{0}</a><br><br>Este link expirará em {1} horas.
The reset password link has been expired,O link de redefinição de senha expirou
The reset password link has either been used before or is invalid,O link de redefinição de senha já foi usado antes ou é inválido
The resource you are looking for is not available,O recurso que você procura não está disponível
The role {0} should be a custom role.,A função {0} deve ser uma função personalizada.
The selected document {0} is not a {1}.,O documento selecionado {0} não é um {1}.
The system is being updated. Please refresh again after a few moments.,O sistema está sendo atualizado. Atualize novamente após alguns instantes.
The system provides many pre-defined roles. You can add new roles to set finer permissions.,O sistema fornece muitas funções predefinidas. Você pode adicionar novas funções para definir permissões mais refinadas.
The total number of user document types limit has been crossed.,O limite do número total de tipos de documentos do usuário foi ultrapassado.
The user can create a new Item but cannot edit existing items.,"O usuário pode criar um novo item, mas não pode editar itens existentes."
The user can delete Draft / Cancelled documents.,O usuário pode excluir documentos Rascunhos/Cancelados.
The user can export report data.,O usuário pode exportar dados do relatório.
The user can import new records or update existing data for the document.,O usuário pode importar novos registros ou atualizar dados existentes para o documento.
The user can select a Customer in Sales Order but cannot open the Customer master.,"O usuário pode selecionar um Cliente na Ordem de vendas, mas não pode abrir o cadastro de Clientes."
The user can share document access with another user.,O usuário pode compartilhar o acesso ao documento com outro usuário.
The user can update a customer or any other fields in an existing Sales Order but cannot create a new Sales Order.,"O usuário pode atualizar um cliente ou qualquer outro campo em uma ordem de vendas existente, mas não pode criar uma nova ordem de vendas."
The user can view Sales Invoices but cannot modify any field values in them.,"O usuário pode visualizar faturas de vendas, mas não pode modificar nenhum valor de campo nelas."
"The value of the field {0} is too long in the {1} document. To resolve this issue, please reduce the value length or change the {0} field Type to Long Text using customize form, and then try again.","O valor do campo {0} é muito longo no documento {1}. Para resolver esse problema, reduza o comprimento do valor ou altere o tipo do campo {0} para Texto Longo usando o formulário personalizado e tente novamente."
The value you pasted was {0} characters long. Max allowed characters is {1}.,O valor que você colou tinha {0} caracteres. O máximo de caracteres permitidos é {1}.
The webhook will be triggered if this expression is true,O webhook será acionado se esta expressão for verdadeira
The {0} is already on auto repeat {1},O {0} já está em repetição automática {1}
Theme Changed,Tema alterado
There are documents which have workflow states that do not exist in this Workflow. It is recommended that you add these states to the Workflow and change their states before removing these states.,Existem documentos que possuem estados de fluxo de trabalho que não existem neste fluxo de trabalho. É recomendável adicionar esses estados ao fluxo de trabalho e alterar seus estados antes de removê-los.
There are no upcoming events for you.,Não há eventos futuros para você.
"There are no {0} for this {1}, why don't you start one!","Não há {0} para este {1}, por que você não inicia um!"
There are {0} with the same filters already in the queue:,Já existem {0} com os mesmos filtros na fila:
There can be only 9 Page Break fields in a Web Form,Pode haver apenas 9 campos de quebra de página em um formulário da Web
There can be only one Fold in a form,Só pode haver uma dobra em um formulário
There is an error in your Address Template {0},Há um erro no seu modelo de endereço {0}
There is no data to be exported,Não há dados a serem exportados
"There is no task called ""{}""","Não há nenhuma tarefa chamada ""{}"""
There is nothing new to show you right now.,Não há nada de novo para mostrar a você agora.
There is some problem with the file url: {0},Há algum problema com o URL do arquivo: {0}
There is {0} with the same filters already in the queue:,Já existe {0} com os mesmos filtros na fila:
There must be atleast one permission rule.,Deve haver pelo menos uma regra de permissão.
There was an error building this page,Ocorreu um erro ao criar esta página
There was an error saving filters,Ocorreu um erro ao salvar os filtros
There were errors,Houve erros
There were errors while creating the document. Please try again.,"Ocorreram erros durante a criação do documento. Por favor, tente novamente."
There were errors while sending email. Please try again.,"Ocorreram erros ao enviar Email. Por favor, tente novamente."
"There were some errors setting the name, please contact the administrator","Ocorreram alguns erros ao definir o nome, entre em contato com o administrador"
These announcements will appear inside a dismissible alert below the Navbar.,Esses anúncios aparecerão em um alerta descartável abaixo da barra de navegação.
"These fields are used to provide resource server metadata to clients querying the ""well known protected resource"" end point.","Esses campos são usados ​​para fornecer metadados do servidor de recursos aos clientes que consultam o ponto final do ""recurso protegido bem conhecido""."
These settings are required if 'Custom' LDAP Directory is used,Essas configurações são necessárias se o diretório LDAP 'Personalizado' for usado
Third Party Apps,Aplicativos de terceiros
This Currency is disabled. Enable to use in transactions,Esta moeda está desativada. Habilitar para usar em transações
This Kanban Board will be private,Este quadro Kanban será privado
This PDF cannot be uploaded as it contains unsafe content.,Este PDF não pode ser carregado porque contém conteúdo inseguro.
This action is irreversible. Do you wish to continue?,Esta ação é irreversível. Você deseja continuar?
This action is only allowed for {},Esta ação só é permitida para {}
This cannot be undone,Isso não pode ser desfeito
This card is visible only to Administrator and System Managers by default. Set a DocType to share with users who have read access.,Este cartão é visível apenas para administradores e gerentes de sistema por padrão. Defina um DocType para compartilhar com usuários que tenham acesso de leitura.
This doctype has no orphan fields to trim,Este tipo de documento não possui campos órfãos para cortar
"This doctype has pending migrations, run 'bench migrate' before modifying the doctype to avoid losing changes.","Este tipo de documento tem migrações pendentes, execute 'bench Migrate' antes de modificar o tipo de documento para evitar a perda de alterações."
This document can not be deleted right now as it's being modified by another user. Please try again after some time.,"Este documento não pode ser excluído agora porque está sendo modificado por outro usuário. Por favor, tente novamente depois de algum tempo."
This document has already been queued for submission. You can track the progress over {0}.,Este documento já está na fila para envio. Você pode acompanhar o progresso em {0}.
This document has been modified after the email was sent.,Este documento foi modificado após o envio do Email.
This document has unsaved changes which might not appear in final PDF. <br> Consider saving the document before printing.,Este documento contém alterações não salvas que podem não aparecer no PDF final. <br> Considere salvar o documento antes de imprimir.
"This document is already amended, you cannot ammend it again","Este documento já foi alterado, você não pode alterá-lo novamente"
This document is currently locked and queued for execution. Please try again after some time.,"Este documento está atualmente bloqueado e na fila para execução. Por favor, tente novamente depois de algum tempo."
This email is autogenerated,Este Email é gerado automaticamente
This feature can not be used as dependencies are missing.|||				Please contact your system manager to enable this by installing pycups!,Este recurso não pode ser usado porque faltam dependências.|||				Entre em contato com o gerente do sistema para habilitar isso instalando pycups!
This feature is brand new and still experimental,Este recurso é totalmente novo e ainda experimental
This field will appear only if the fieldname defined here has value OR the rules are true (examples):|||myfield|||eval:doc.myfield=='My Value'|||eval:doc.age&gt;18,Este campo aparecerá apenas se o nome do campo definido aqui tiver valor OU as regras forem verdadeiras (exemplos):|||myfield|||eval:doc.myfield=='My Value'|||eval:doc.age&gt;18
This file is attached to a protected document and cannot be deleted.,Este arquivo está anexado a um documento protegido e não pode ser excluído.
"This file is public and can be accessed by anyone, even without logging in. Mark it private to limit access.","Este arquivo é público e pode ser acessado por qualquer pessoa, mesmo sem fazer login. Marque-o como privado para limitar o acesso."
This file is public. It can be accessed without authentication.,Este arquivo é público. Ele pode ser acessado sem autenticação.
This form has been modified after you have loaded it,Este formulário foi modificado após você carregá-lo
This form is not editable due to a Workflow.,Este formulário não é editável devido a um fluxo de trabalho.
This geolocation provider is not supported yet.,Este provedor de geolocalização ainda não é compatível.
This goes above the slideshow.,Isso vai acima da apresentação de slides.
This is a background report. Please set the appropriate filters and then generate a new one.,Este é um relatório de antecedentes. Defina os filtros apropriados e gere um novo.
This is a top-10 common password.,Esta é uma das 10 senhas mais comuns.
This is a top-100 common password.,Esta é uma das 100 senhas mais comuns.
This is a very common password.,Esta é uma senha muito comum.
This is a virtual doctype and data is cleared periodically.,Este é um tipo de documento virtual e os dados são limpos periodicamente.
This is an automatically generated reply,Esta é uma resposta gerada automaticamente
This is similar to a commonly used password.,Isso é semelhante a uma senha comumente usada.
This link has already been activated for verification.,Este link já foi ativado para verificação.
This link is invalid or expired. Please make sure you have pasted correctly.,"Este link é inválido ou expirou. Por favor, certifique-se de ter colado corretamente."
This may get printed on multiple pages,Isso pode ser impresso em várias páginas
This month,Este mês
"This report contains {0} rows and is too big to display in browser, you can {1} this report instead.","Este relatório contém {0} linhas e é muito grande para ser exibido no navegador. Em vez disso, você pode {1} este relatório."
This report was generated on {0},Este relatório foi gerado em {0}
This report was generated {0}.,Este relatório foi gerado {0}.
This request has not yet been approved by the user.,Esta solicitação ainda não foi aprovada pelo usuário.
"This site is in read only mode, full functionality will be restored soon.","Este site está em modo somente leitura, todas as funcionalidades serão restauradas em breve."
This site is running in developer mode. Any change made here will be updated in code.,Este site está sendo executado em modo de desenvolvedor. Qualquer alteração feita aqui será atualizada no código.
This software is built on top of many open source packages.,Este software é construído sobre muitos pacotes de código aberto.
This title will be used as the title of the webpage as well as in meta tags,"Este título será usado como título da página da web, bem como em meta tags"
This value is fetched from {0}'s {1} field,Este valor é obtido do campo {1} de {0}
"This will be automatically generated when you publish the page, you can also enter a route yourself if you wish","Isso será gerado automaticamente quando você publicar a página, você também pode inserir uma rota se desejar"
This will log out {0} from all other devices,Isso desconectará {0} de todos os outros dispositivos
This will permanently remove your data.,Isso removerá permanentemente seus dados.
This will reset this tour and show it to all users. Are you sure?,Isso redefinirá este tour e o mostrará a todos os usuários. Tem certeza?
Throttled,Estrangulado
Thumbnail URL,URL da miniatura
Thursday,Quinta-feira
Time,Tempo
Time Interval,Intervalo de tempo
Time Taken,Tempo gasto
Time Window (Seconds),Janela de tempo (segundos)
Time Zone,Fuso horário
Time in Queries,Tempo em consultas
Time series based on is required to create a dashboard chart,Série temporal baseada em é necessária para criar um gráfico de painel
Time {0} must be in format: {1},A hora {0} deve estar no formato: {1}
Timed Out,Tempo limite esgotado
Timeless Night,Noite atemporal
Timeline,Linha do tempo
Timeline DocType,Tipo de documento da linha do tempo
Timeline Field,Campo da linha do tempo
Timeline Name,Nome da linha do tempo
Timeline field must be a Link or Dynamic Link,O campo Linha do tempo deve ser um Link ou Link Dinâmico
Timeline field must be a valid fieldname,O campo da linha do tempo deve ser um nome de campo válido
Timeout,Tempo esgotado
Timeout (In Seconds),Tempo limite (em segundos)
Timeseries,Série temporal
Timespan,Intervalo de tempo
Timestamp,Carimbo de data e hora
Tip: Try the new dropdown console using,Dica: experimente o novo console suspenso usando
Title,Título
Title field must be a valid fieldname,O campo de título deve ser um nome de campo válido
Title of the page,Título da página
To,Para
To Date,A data
"To add dynamic subject, use jinja tags like||||||<div><pre><code>New {{ doc.doctype }} #{{ doc.name }}</code></pre></div>","Para adicionar assunto dinâmico, use tags jinja como||||||<div><pre><code>New {{ doc.doctype }} #{{ doc.name }}</code></pre></div>"
"To add dynamic values from the document, use jinja tags like||||||<div>|||<pre><code>{ ""id"": ""{{ doc.name }}"" }</code>|||</pre>|||</div>","Para adicionar valores dinâmicos do documento, use tags jinja como||||||<div>|||<pre><code>{ ""id"": ""{{ doc.name }}"" }</code>|||</pre>|||</div>"
To allow more reports update limit in System Settings.,"Para permitir mais relatórios, limite de atualização nas configurações do sistema."
"To begin the date range at the start of the chosen period. For example, if 'Year' is selected as the period, the report will start from January 1st of the current year.","Para iniciar o intervalo de datas no início do período escolhido. Por exemplo, se 'Ano' for selecionado como período, o relatório começará a partir de 1º de janeiro do ano atual."
"To configure Auto Repeat, enable ""Allow Auto Repeat"" from {0}.","Para configurar a repetição automática, ative ""Permitir repetição automática"" em {0}."
To enable it follow the instructions in the following link: {0},"Para ativá-lo, siga as instruções no link a seguir: {0}"
"To enable server scripts, read the {0}.","Para ativar scripts de servidor, leia {0}."
"To export this step as JSON, link it in a Onboarding document and save the document.","Para exportar esta etapa como JSON, vincule-a a um documento de integração e salve o documento."
To generate password click {0},Para gerar senha clique em {0}
To know more click {0},Para saber mais clique em {0}
To print output use <code>print(text)</code>,Para imprimir a saída use <code>print(text)</code>
"To set the role {0} in the user {1}, kindly set the {2} field as {3} in one of the {4} record.","Para definir a função {0} no usuário {1}, defina o campo {2} como {3} em um dos registros {4}."
"To use Google Calendar, enable {0}.","Para usar o Google Agenda, ative {0}."
"To use Google Contacts, enable {0}.","Para usar os Contatos do Google, ative {0}."
"To use Slack Channel, add a <a href=""#List/Slack%20Webhook%20URL/List"">Slack Webhook URL</a>.","Para usar o Slack Channel, adicione um <a href=""#List/Slack%20Webhook%20URL/List"">URL do Slack Webhook</a>."
To version,Para a versão
ToDo,ToDo
Toggle Awesomebar,Alternar barra incrível
Toggle Chart,Alternar gráfico
Toggle Grid View,Alternar visualização em grade
Toggle Sidebar,Alternar barra lateral
Toggle sidebar,Alternar barra lateral
Token Cache,Cache de tokens
Token Endpoint Auth Method,Método de autenticação de endpoint de token
Token Type,Tipo de token
Token URI,URI do token
Token is missing,O token está faltando
Too Many Documents,Muitos documentos
Too Many Requests,Muitas solicitações
Too many changes to database in single action.,Muitas alterações no banco de dados em uma única ação.
Too many queued background jobs ({0}). Please retry after some time.,"Muitos trabalhos em segundo plano na fila ({0}). Por favor, tente novamente depois de algum tempo."
Too many requests. Please try again later.,"Muitos pedidos. Por favor, tente novamente mais tarde."
"Too many users signed up recently, so the registration is disabled. Please try back in an hour","Muitos usuários se inscreveram recentemente, então o registro está desativado. Por favor, tente novamente em uma hora"
Top 10,10 principais
Top Bar Item,Item da barra superior
Top Center,Centro superior
Top Errors,Principais erros
Top Left,Canto superior esquerdo
Top Right,Canto superior direito
Total,Total
Total Background Workers,Total de trabalhadores em segundo plano
Total Errors (last 1 day),Total de erros (último 1 dia)
Total Images,Total de imagens
Total Outgoing Emails,Total de Emails enviados
Total Users,Total de usuários
Total Working Time,Tempo total de trabalho
Total:,Total:
Totals,Totais
Totals Row,Linha de totais
Trace ID,ID de rastreamento
Traceback,Rastreamento
Track Email Status,Rastrear status de Email
Track Steps,Rastrear etapas
"Track if your email has been opened by the recipient.|||<br>|||Note: If you're sending to multiple recipients, even if 1 recipient reads the email, it'll be considered ""Opened""","Acompanhe se o seu Email foi aberto pelo destinatário.|||<br>|||Observação: se você estiver enviando para vários destinatários, mesmo que um destinatário leia o Email, ele será considerado ""Aberto"""
Track milestones for any document,Acompanhe marcos de qualquer documento
Tracking URL generated and copied to clipboard,URL de rastreamento gerado e copiado para a área de transferência
Transition Properties,Propriedades de transição
Transition Tasks,Tarefas de Transição
Translate Data,Traduzir dados
Translate Link Fields,Traduzir campos de link
Translate values,Traduzir valores
Translate {0},Traduzir {0}
Translation,Tradução
Translations,Traduções
"Translations can be viewed by guests, avoid storing private details in translations.","As traduções podem ser visualizadas pelos convidados, evite armazenar detalhes privados nas traduções."
Translator,Tradutor
Trash,Lixo
Tree View,Vista em árvore
Tree view is not available for {0},A visualização em árvore não está disponível para {0}
Trigger Primary Action,Acionar ação primária
Trigger caching,Acionar cache
"Trigger on valid methods like ""before_insert"", ""after_update"", etc (will depend on the DocType selected)","Acione métodos válidos como ""before_insert"", ""after_update"", etc (dependerá do DocType selecionado)"
Trim Table,Tabela de corte
Try Again,Tente novamente
Try a Naming Series,Experimente uma série de nomenclatura
Try to avoid repeated words and characters,Tente evitar palavras e caracteres repetidos
Try to use a longer keyboard pattern with more turns,Tente usar um padrão de teclado mais longo e com mais voltas
Type a reply / comment,Digite uma resposta/comentário
Type something in the search box to search,Digite algo na caixa de pesquisa para pesquisar
Type title,Digite o título
Type your reply here...,Digite sua resposta aqui...
Type:,Tipo:
UI Tour,Tour pela IU
UID,UID
UIDNEXT,UIDNEXT
UIDVALIDITY,UIDVALIDADE
"URIs for receiving authorization code once the user allows access, as well as failure responses. Typically a REST endpoint exposed by the Client App.|||<br>e.g. http://hostname/api/method/frappe.integrations.oauth2_logins.login_via_facebook","URIs para recebimento do código de autorização assim que o usuário permitir o acesso, bem como respostas de falha. Normalmente, um endpoint REST exposto pelo aplicativo cliente.|||<br>por exemplo, http://hostname/api/method/frappe.integrations.oauth2_logins.login_via_facebook"
URL,URL
URL contact must start with https://,O contato do URL deve começar com https://
URL must start with http:// or https://,O URL deve começar com http:// ou https://
URL of a human-readable page with info that developers might need.,URL de uma página legível com informações que os desenvolvedores podem precisar.
URL of a web page providing information about the client.,URL de uma página da web que fornece informações sobre o cliente.
URL of human-readable page with info about the protected resource's terms of service.,URL da página legível com informações sobre os termos de serviço do recurso protegido.
URL of human-readable page with info on requirements about how the client can use the data.,URL da página legível com informações sobre os requisitos sobre como o cliente pode usar os dados.
URL of the page,URL da página
URL that points to a human-readable policy document for the client. Should be shown to end-user before authorizing.,URL que aponta para um documento de política legível para o cliente. Deve ser mostrado ao usuário final antes da autorização.
URL that points to a human-readable terms of service document for the client. Should be shown to end-user before authorizing.,URL que aponta para um documento de termos de serviço legível para o cliente. Deve ser mostrado ao usuário final antes da autorização.
URL that references a logo for the client.,URL que faz referência a um logotipo do cliente.
URL to go to on clicking the slideshow image,URL para acessar ao clicar na imagem da apresentação de slides
UTM Campaign,Campanha UTM
UTM Medium,Médio UTM
UTM Source,Fonte UTM
UUID,UUID
Un-following document {0},Documento que não segue {0}
Unable to find DocType {0},Não foi possível encontrar DocType {0}
Unable to load camera.,Não foi possível carregar a câmera.
Unable to load: {0},Não foi possível carregar: {0}
Unable to open attached file. Did you export it as CSV?,Não foi possível abrir o arquivo anexado. Você exportou como CSV?
Unable to read file format for {0},Não foi possível ler o formato de arquivo de {0}
Unable to send mail because of a missing email account. Please setup default Email Account from Settings > Email Account,Não é possível enviar Email devido a uma conta de Email ausente. Configure a conta de Email padrão em Configurações > Conta de Email
Unable to update event,Não foi possível atualizar o evento
Unable to write file format for {0},Não foi possível gravar o formato de arquivo para {0}
Uncaught Exception,Exceção não detectada
Unchanged,Inalterado
Undo,Desfazer
Undo last action,Desfazer a última ação
Unfollow,Deixar de seguir
Unhandled Email,Email não tratado
Unhandled Emails,Emails não tratados
Unique ID assigned by the client developer used to identify the client software to be dynamically registered.|||<br>|||<b>Should remain same</b> across multiple versions or updates of the software.,ID exclusivo atribuído pelo desenvolvedor do cliente usado para identificar o software cliente a ser registrado dinamicamente.|||<br>|||<b>Deve permanecer o mesmo</b> em várias versões ou atualizações do software.
Unknown Column: {0},Coluna desconhecida: {0}
Unknown Rounding Method: {},Método de arredondamento desconhecido: {}
Unknown User,Usuário desconhecido
Unknown file encoding. Tried to use: {0},Codificação de arquivo desconhecida. Tentei usar: {0}
Unlock Reference Document,Desbloquear documento de referência
Unpublish,Cancelar publicação
Unsafe SQL query,Consulta SQL insegura
Unselect All,Desmarcar tudo
Unsubscribe,Cancelar inscrição
Unsubscribe Params,Parâmetros de cancelamento de assinatura
Unsubscribed,Inscrição cancelada
Unsupported function or operator: {0},Função ou operador não compatível: {0}
Unsupported {0}: {1},Não suportado {0}: {1}
Untitled Column,Coluna sem título
Unzip,Descompacte
Unzipped {0} files,{0} arquivos descompactados
Unzipping files...,Descompactando arquivos...
Upcoming Events for Today,Próximos eventos para hoje
Update,Atualizar
Update Amendment Naming,Atualizar nomenclatura da alteração
Update Hooks Resolution Order,Atualizar ordem de resolução de ganchos
Update Order,Atualizar pedido
Update Password,Atualizar senha
Update Series Counter,Atualizar contador de séries
Update Translations,Atualizar traduções
Update from Frappe Cloud,Atualização do Frappe Cloud
Update {0} records,Atualizar {0} registros
Updated,Atualizado
Updated Successfully,Atualizado com sucesso
Updated To A New Version \u{1F389},Atualizado para uma nova versão \u{1F389}
Updated To A New Version u{1F389},Atualizado para uma nova versão u{1F389}
Updated To A New Version üéâ,Atualizado para uma nova versão üéâ
Updated successfully,Atualizado com sucesso
Updating,Atualizando
Updating Email Queue Statuses. The emails will be picked up in the next scheduled run.,Atualizando status da fila de Email. Os Emails serão coletados na próxima execução agendada.
Updating counter may lead to document name conflicts if not done properly,A atualização do contador pode levar a conflitos de nomes de documentos se não for feita corretamente
Updating global settings,Atualizando configurações globais
Updating naming series options,Atualizando opções de série de nomenclatura
Updating related fields...,Atualizando campos relacionados...
Updating {0},Atualizando {0}
"Updating {0} of {1}, {2}","Atualizando {0} de {1}, {2}"
Upload,Carregar
Upload Image,Carregar imagem
Upload file,Carregar arquivo
Upload {0} files,Carregar {0} arquivos
Use % for any non empty value.,Use % para qualquer valor não vazio.
Use First Day of Period,Use o primeiro dia da menstruação
Use HTML,Usar HTML
Use Number Format from Currency,Use o formato numérico da moeda
Use POST,Usar POST
Use STARTTLS,Usar STARTTLS
Use a few uncommon words together.,Use algumas palavras incomuns juntas.
"Use a few words, avoid common phrases.","Use poucas palavras, evite frases comuns."
Use different Email ID,Use um ID de Email diferente
Use if the default settings don't seem to detect your data correctly,Use se as configurações padrão não detectarem seus dados corretamente
Use of sub-query or function is restricted,O uso de subconsulta ou função é restrito
Use the new Print Format Builder,Use o novo Construtor de Formato de Impressão
"Use this, for example, if all sent emails should also be send to an archive.","Use isto, por exemplo, se todos os Emails enviados também devem ser enviados para um arquivo."
Used OAuth,OAuth usado
User,Usuário
User '{0}' already has the role '{1}',O usuário '{0}' já possui a função '{1}'
User Changed,Usuário alterado
User Details,Detalhes do usuário
User Doctype Permissions,Permissões de tipo de documento do usuário
User Document Type,Tipo de documento do usuário
User Document Types Limit Exceeded,Limite de tipos de documentos do usuário excedido
User Email,Email do usuário
User Emails,Emails de usuários
User Group,Grupo de usuários
User Group Member,Membro do grupo de usuários
User Group Members,Membros do grupo de usuários
User Id,ID do usuário
User Id Field,Campo de ID do usuário
User Id Field is mandatory in the user type {0},O campo User ID é obrigatório no tipo de usuário {0}
User Invitation,Convite do usuário
User Menu,Menu do usuário
User Permission,Permissão do usuário
User Permissions,Permissões do usuário
User Permissions are used to limit users to specific records.,As permissões de usuário são usadas para limitar usuários a registros específicos.
User Permissions created successfully,Permissões de usuário criadas com sucesso
User Role,Função do usuário
User Role Profile,Perfil de função do usuário
User Select Document Type,Tipo de documento selecionado pelo usuário
User Session Display,Exibição da sessão do usuário
User Social Login,Login social do usuário
User Type,Tipo de usuário
User Type Module,Módulo de tipo de usuário
User can login using Email id or Mobile number,O usuário pode fazer login usando ID de Email ou número de celular
User can login using Email id or User Name,O usuário pode fazer login usando ID de Email ou nome de usuário
User does not have permission to create the new {0},O usuário não tem permissão para criar o novo {0}
User is disabled,O usuário está desativado
User is mandatory for Share,O usuário é obrigatório para compartilhar
User permission already exists,A permissão do usuário já existe
User with email address {0} does not exist,O usuário com endereço de Email {0} não existe
User with email: {0} does not exist in the system. Please ask 'System Administrator' to create the user for you.,"Usuário com Email: {0} não existe no sistema. Por favor, peça ao 'Administrador do Sistema' para criar o usuário para você."
User {0} cannot be deleted,O usuário {0} não pode ser excluído
User {0} cannot be disabled,O usuário {0} não pode ser desativado
User {0} cannot be renamed,O usuário {0} não pode ser renomeado
User {0} does not have access to this document,O usuário {0} não tem acesso a este documento
User {0} does not have doctype access via role permission for document {1},O usuário {0} não tem acesso doctype por meio de permissão de função para o documento {1}
User {0} does not have the permission to create a Workspace.,O usuário {0} não tem permissão para criar um espaço de trabalho.
User {0} has requested for data deletion,O usuário {0} solicitou a exclusão de dados
User {0} has started an impersonation session as you. <br><br><b>Reason provided:</b> {1},O usuário {0} iniciou uma sessão de representação como você. <br><br><b>Motivo fornecido:</b> {1}
User {0} impersonated as {1},Usuário {0} personificado como {1}
User {0} is disabled,O usuário {0} está desativado
User {0} is disabled. Please contact your System Manager.,O usuário {0} está desativado. Entre em contato com o gerente do sistema.
User {0} is not permitted to access this document.,O usuário {0} não tem permissão para acessar este documento.
Userinfo URI,URI de informações do usuário
Username,Nome de usuário
Username {0} already exists,O nome de usuário {0} já existe
Users,Usuários
Users are only able to delete attached files if the document is either in draft or if the document is canceled and they are also able to delete the document.,Os usuários só poderão excluir arquivos anexados se o documento estiver em rascunho ou se o documento for cancelado e também poderão excluir o documento.
Uses system's theme to switch between light and dark mode,Usa o tema do sistema para alternar entre o modo claro e escuro
Using this console may allow attackers to impersonate you and steal your information. Do not enter or paste code that you do not understand.,O uso deste console pode permitir que invasores se façam passar por você e roubem suas informações. Não insira ou cole código que você não entende.
Utilization,Utilização
Utilization %,% de utilização
Valid Login id required.,É necessário um ID de login válido.
Valid email and name required,Email e nome válidos obrigatórios
Validate Frappe Mail Settings,Validar configurações de correio Frappe
Validate SSL Certificate,Validar certificado SSL
Validation Error,Erro de validação
Value,Valor
Value Change,Alteração de valor
Value Too Long,Valor muito longo
Value cannot be changed for {0},O valor não pode ser alterado para {0}
Value cannot be negative for,O valor não pode ser negativo para
Value cannot be negative for {0}: {1},O valor não pode ser negativo para {0}: {1}
Value for a check field can be either 0 or 1,O valor de um campo de verificação pode ser 0 ou 1
Value for field {0} is too long in {1}. Length should be lesser than {2} characters,O valor do campo {0} é muito longo em {1}. O comprimento deve ser menor que {2} caracteres
Value for {0} cannot be a list,O valor de {0} não pode ser uma lista
Value from this field will be set as the due date in the ToDo,O valor deste campo será definido como a data de vencimento no ToDo
Value must be one of {0},O valor deve ser um de {0}
"Value of ""None"" implies a public client. In such a case Client Secret is not given to the client and token exchange makes use of PKCE.","O valor ""Nenhum"" implica um cliente público. Nesse caso, o segredo do cliente não é fornecido ao cliente e a troca de tokens utiliza PKCE."
Value to set when this workflow state is applied. Use plain text (e.g. Approved) or an expression if ‚ÄúEvaluate as Expression‚Äù is enabled.,"Valor a ser definido quando esse estado de fluxo de trabalho for aplicado. Use texto simples (por exemplo, Aprovado) ou uma expressão se ‚ÄúAvaliar como Expressão‚Äù estiver habilitado."
Value too big,Valor muito grande
Value {0} missing for {1},Valor {0} ausente para {1}
Value {0} must be in the valid duration format: d h m s,O valor {0} deve estar no formato de duração válido: d h m s
Value {0} must in {1} format,O valor {0} deve estar no formato {1}
Values Changed,Valores alterados
Verdana,Verdana
Verification,Verificação
Verification Code,Código de verificação
Verification Link,Link de verificação
Verification code email not sent. Please contact Administrator.,Email com código de verificação não enviado. Entre em contato com o administrador.
Verification code has been sent to your registered email address.,O código de verificação foi enviado para o seu endereço de Email cadastrado.
Verify,Verificar
Verify Password,Verifique a senha
Verifying...,Verificando...
Version,Versão
Version Updated,Versão atualizada
View,Visualizar
View All,Ver tudo
View Audit Trail,Ver trilha de auditoria
View Docs,Ver documentos
View Doctype Permissions,Ver permissões de tipo de documento
View File,Ver arquivo
View Full Log,Ver registro completo
View List,Ver lista
View Log,Ver registro
View Permitted Documents,Ver documentos permitidos
View Sidebar,Ver barra lateral
View Switcher,Ver alternador
View Website,Ver site
View all {0} users,Ver todos os {0} usuários
View document,Ver documento
View report in your browser,Visualize o relatório no seu navegador
View this in your browser,Veja isso no seu navegador
View your response,Veja sua resposta
View {0},Ver {0}
Virtual,Virtual
Virtual DocType {} requires a static method called {} found {},Virtual DocType {} requer um método estático chamado {} encontrado {}
Virtual DocType {} requires overriding an instance method called {} found {},Virtual DocType {} requer a substituição de um método de instância chamado {} encontrado {}
Virtual tables must be virtual fields,As tabelas virtuais devem ser campos virtuais
Visibility,Visibilidade
Visible to website/portal users.,Visível para usuários do site/portal.
Visit Desktop,Visite a área de trabalho
Visit Web Page,Visite a página da web
Visitor ID,ID do visitante
Want to discuss?,Quer discutir?
Warehouse,Armazém
Warning,Aviso
Warning: DATA LOSS IMMINENT! Proceeding will permanently delete following database columns from doctype {0}:,Aviso: PERDA DE DADOS IMINENTE! O procedimento excluirá permanentemente as seguintes colunas do banco de dados do tipo de documento {0}:
Warning: Naming is not set,Aviso: a nomenclatura não está definida
Warning: Unable to find {0} in any table related to {1},Aviso: não foi possível encontrar {0} em nenhuma tabela relacionada a {1}
Warning: Updating counter may lead to document name conflicts if not done properly,Aviso: A atualização do contador pode causar conflitos de nomes de documentos se não for feita corretamente
Warning: Usage of 'format:' is discouraged.,Aviso: O uso de 'format:' é desencorajado.
Was this article helpful?,Este artigo foi útil?
Watch Tutorial,Assistir ao tutorial
We do not allow editing of this document. Simply click the Edit button on the workspace page to make your workspace editable and customize it as you wish,Não permitimos a edição deste documento. Basta clicar no botão Editar na página do espaço de trabalho para tornar seu espaço de trabalho editável e personalizá-lo como desejar
We have received a request for deletion of {0} data associated with: {1},Recebemos uma solicitação de exclusão de {0} dados associados a: {1}
We have received a request from you to download your {0} data associated with: {1},Recebemos uma solicitação sua para fazer download dos seus {0} dados associados a: {1}
We would like to thank the authors of these packages for their contribution.,Gostaríamos de agradecer aos autores destes pacotes pela sua contribuição.
We've received your query!,Recebemos sua consulta!
Weak,Fraco
Web Form,Formulário Web
Web Form Field,Campo de formulário da web
Web Form List Column,Coluna da lista de formulários da Web
Web Page,Página da Internet
Web Page Block,Bloqueio de página da web
Web Page URL,URL da página da Web
Web Page View,Visualização de página da Web
Web Template,Modelo da Web
Web Template Field,Campo de modelo da Web
Web Template Values,Valores do modelo da Web
Web Template is not specified,O modelo da Web não foi especificado
Web View,Visualização da Web
Webhook,Webhook
Webhook Data,Dados de webhook
Webhook Header,Cabeçalho do webhook
Webhook Headers,Cabeçalhos de webhook
Webhook Request,Solicitação de webhook
Webhook Request Log,Registro de solicitação de webhook
Webhook Secret,Segredo do webhook
Webhook Security,Segurança de webhook
Webhook Trigger,Gatilho de webhook
Webhook URL,URL do webhook
Website,Site
Website Analytics,Análise do site
Website Manager,Gerenciador de sites
Website Meta Tag,Metatag do site
Website Route Meta,Meta da rota do site
Website Route Redirect,Redirecionamento de rota do site
Website Script,Roteiro do site
Website Search Field,Campo de pesquisa do site
Website Search Field must be a valid fieldname,O campo de pesquisa do site deve ser um nome de campo válido
Website Settings,Configurações do site
Website Sidebar,Barra lateral do site
Website Sidebar Item,Item da barra lateral do site
Website Slideshow,Apresentação de slides do site
Website Slideshow Item,Item de apresentação de slides do site
Website Theme,Tema do site
Website Theme Ignore App,Tema do site para ignorar aplicativo
Website Theme image link,Link da imagem do tema do site
"Website, email or phone where vulnerabilities can be reported. Defaults to `https://security.frappe.io`","Site, Email ou telefone onde vulnerabilidades podem ser relatadas. O padrão é `https://security.frappe.io`"
Websocket,WebSocket
Wednesday,Quarta-feira
Week,Semana
Weekly,Semanalmente
Welcome,Bem-vindo
Welcome Email Template,Modelo de Email de boas-vindas
Welcome URL,URL de boas-vindas
Welcome email sent,Email de boas-vindas enviado
Welcome to Frappe!,Bem-vindo ao Frappe!
Welcome to the {0} workspace,Bem-vindo ao espaço de trabalho {0}
Welcome to {0},Bem-vindo a {0}
What's New,O que há de novo
"When enabled this will allow guests to upload files to your application, You can enable this if you wish to collect files from user without having them to log in, for example in job applications web form.","Quando ativado, isso permitirá que os convidados carreguem arquivos para o seu aplicativo. Você pode ativar isso se desejar coletar arquivos do usuário sem que eles façam login, por exemplo, no formulário da web de pedidos de emprego."
"When sending document using email, store the PDF on Communication. Warning: This can increase your storage usage.","Ao enviar documento por Email, armazene o PDF em Comunicação. Aviso: isso pode aumentar o uso do armazenamento."
"When uploading files, force the use of the web-based image capture. If this is unchecked, the default behavior is to use the mobile native camera when use from a mobile is detected.","Ao fazer upload de arquivos, force o uso da captura de imagens baseada na web. Se esta opção estiver desmarcada, o comportamento padrão é usar a câmera nativa do celular quando o uso de um celular for detectado."
Which view of the associated DocType should this shortcut take you to?,Para qual visualização do DocType associado esse atalho deve levá-lo?
Width,Largura
Widths can be set in px or %.,As larguras podem ser definidas em px ou%.
Wildcard Filter,Filtro curinga
"Will add ""%"" before and after the query","Adicionará ""%"" antes e depois da consulta"
Will be your login ID,Será o seu ID de login
Will only be shown if section headings are enabled,Só será mostrado se os títulos das seções estiverem ativados
Will run scheduled jobs only once a day for inactive sites. Set it to 0 to avoid automatically disabling the scheduler.,Executará trabalhos agendados apenas uma vez por dia para sites inativos. Defina-o como 0 para evitar a desativação automática do agendador.
With Letter head,Com cabeça de carta
Worker Information,Informações do trabalhador
Worker Name,Nome do trabalhador
Workflow,Fluxo de trabalho
Workflow Action,Ação de fluxo de trabalho
Workflow Action Master,Mestre de ações de fluxo de trabalho
Workflow Action Permitted Role,Função permitida de ação de fluxo de trabalho
Workflow Builder,Construtor de fluxo de trabalho
Workflow Builder ID,ID do criador de fluxo de trabalho
Workflow Builder allows you to create workflows visually. You can drag and drop states and link them to create transitions. Also you can update their properties from the sidebar.,"O Workflow Builder permite criar fluxos de trabalho visualmente. Você pode arrastar e soltar estados e vinculá-los para criar transições. Além disso, você pode atualizar suas propriedades na barra lateral."
Workflow Data,Dados de fluxo de trabalho
Workflow Details,Detalhes do fluxo de trabalho
Workflow Document State,Estado do documento de fluxo de trabalho
Workflow Evaluation Error,Erro de avaliação do fluxo de trabalho
Workflow State,Estado do fluxo de trabalho
Workflow State Field,Campo de estado do fluxo de trabalho
Workflow State not set,Estado do fluxo de trabalho não definido
Workflow State transition not allowed from {0} to {1},Transição do estado do fluxo de trabalho não permitida de {0} para {1}
Workflow States Don't Exist,Estados de fluxo de trabalho não existem
Workflow Status,Status do fluxo de trabalho
Workflow Task,Tarefa de Fluxo de Trabalho
Workflow Transition,Transição do Fluxo de Trabalho
Workflow Transition Task,Tarefa de transição de fluxo de trabalho
Workflow Transition Tasks,Tarefas de transição de fluxo de trabalho
Workflow state represents the current state of a document.,O estado do fluxo de trabalho representa o estado atual de um documento.
Workflow updated successfully,Fluxo de trabalho atualizado com sucesso
Workspace,Espaço de trabalho
Workspace <b>{0}</b> does not exist,A área de trabalho <b>{0}</b> não existe
Workspace Chart,Gráfico do espaço de trabalho
Workspace Custom Block,Bloco personalizado do espaço de trabalho
Workspace Link,Link do espaço de trabalho
Workspace Manager,Gerenciador de espaço de trabalho
Workspace Number Card,Cartão de número do espaço de trabalho
Workspace Quick List,Lista rápida do espaço de trabalho
Workspace Shortcut,Atalho do espaço de trabalho
Workspace Sidebar,Barra lateral do espaço de trabalho
Workspace Sidebar Item,Item da barra lateral do espaço de trabalho
Workspace added to desktop,Espaço de trabalho adicionado ao desktop
Workspace {0} created,Espaço de trabalho {0} criado
Workspaces,Espaços de trabalho
Would you like to publish this comment? This means it will become visible to website/portal users.,Gostaria de publicar este comentário? Isso significa que ele ficará visível para os usuários do site/portal.
Would you like to unpublish this comment? This means it will no longer be visible to website/portal users.,Gostaria de cancelar a publicação deste comentário? Isso significa que não estará mais visível para os usuários do site/portal.
Wrapping up,Concluindo
Wrong Fetch From value,Valor de busca de errado
X Axis Field,Campo do Eixo X
XLSX,XLSX
XMLHttpRequest Error,Erro XMLHttpRequest
Y Axis Fields,Campos do eixo Y
Y Field,Campo Y
Yahoo Mail,Email do Yahoo
Yandex.Mail,Yandex.Mail
Yearly,Anual
Yellow,Amarelo
You,Você
You Liked,Você gostou
You added 1 row to {0},Você adicionou 1 linha a {0}
You added {0} rows to {1},Você adicionou {0} linhas a {1}
"You are about to open an external link. To confirm, click the link again.","Você está prestes a abrir um link externo. Para confirmar, clique no link novamente."
You are connected to internet.,Você está conectado à internet.
You are not allowed to access this resource,Você não tem permissão para acessar este recurso
You are not allowed to access this {0} record because it is linked to {1} '{2}' in field {3},Você não tem permissão para acessar este registro {0} porque ele está vinculado a {1} '{2}' no campo {3}
"You are not allowed to access this {0} record because it is linked to {1} '{2}' in row {3}, field {4}","Você não tem permissão para acessar este registro {0} porque ele está vinculado a {1} '{2}' na linha {3}, campo {4}"
You are not allowed to create columns,Você não tem permissão para criar colunas
You are not allowed to delete Standard Report,Você não tem permissão para excluir o Relatório padrão
You are not allowed to delete a standard Notification. You can disable it instead.,Você não tem permissão para excluir uma notificação padrão. Você pode desativá-lo.
You are not allowed to delete a standard Website Theme,Você não tem permissão para excluir um tema de site padrão
You are not allowed to edit the report.,Você não tem permissão para editar o relatório.
You are not allowed to export {} doctype,Você não tem permissão para exportar {} tipo de documento
You are not allowed to print this report,Você não tem permissão para imprimir este relatório
You are not allowed to send emails related to this document,Você não tem permissão para enviar Emails relacionados a este documento
You are not allowed to update the status of this event.,Você não tem permissão para atualizar o status deste evento.
You are not allowed to update this Web Form Document,Você não tem permissão para atualizar este documento de formulário da Web
You are not authorized to undo this email,Você não está autorizado a desfazer este Email
You are not connected to Internet. Retry after sometime.,Você não está conectado à Internet. Tente novamente depois de algum tempo.
You are not permitted to access this page without login.,Você não tem permissão para acessar esta página sem login.
You are not permitted to access this page.,Você não tem permissão para acessar esta página.
You are not permitted to access this resource. Login to access,Você não tem permissão para acessar este recurso. Faça login para acessar
You are now following this document. You will receive daily updates via email. You can change this in User Settings.,Agora você está acompanhando este documento. Você receberá atualizações diárias por Email. Você pode alterar isso nas configurações do usuário.
"You are only allowed to update order, do not remove or add apps.","Você só tem permissão para atualizar o pedido, não remover ou adicionar aplicativos."
"You are selecting Sync Option as ALL, It will resync all read as well as unread message from server. This may also cause the duplication of Communication (emails).",Você está selecionando a opção de sincronização como ALL. Ele irá ressincronizar todas as mensagens lidas e não lidas do servidor. Isto também pode causar a duplicação da Comunicação (Emails).
You attached {0},Você anexou {0}
You can add dynamic properties from the document by using Jinja templating.,Você pode adicionar propriedades dinâmicas do documento usando modelos Jinja.
You can also access wkhtmltopdf variables (valid only in PDF print):,Você também pode acessar variáveis ​​wkhtmltopdf (válidas apenas na impressão de PDF):
You can also copy-paste following link in your browser,Você também pode copiar e colar o seguinte link em seu navegador
You can also copy-paste this {0} to your browser,Você também pode copiar e colar este {0} em seu navegador
You can ask your team to resend the invitation if you'd still like to join.,Você pode pedir à sua equipe para reenviar o convite se ainda quiser participar.
You can change the retention policy from {0}.,Você pode alterar a política de retenção de {0}.
You can continue with the onboarding after exploring this page,Você pode continuar com a integração depois de explorar esta página
You can disable this {0} instead of deleting it.,Você pode desativar este {0} em vez de excluí-lo.
You can increase the limit from System Settings.,Você pode aumentar o limite nas configurações do sistema.
You can manually remove the lock if you think it's safe: {},Você pode remover o bloqueio manualmente se achar que é seguro: {}
You can only insert images in Markdown fields,Você só pode inserir imagens em campos Markdown
You can only print upto {0} documents at a time,Você só pode imprimir até {0} documentos por vez
You can only set the 3 custom doctypes in the Document Types table.,Você só pode definir os três tipos de documentos personalizados na tabela Tipos de documentos.
"You can only upload JPG, PNG, GIF, PDF, TXT, CSV or Microsoft documents.","Você só pode fazer upload de documentos JPG, PNG, GIF, PDF, TXT, CSV ou Microsoft."
You can only upload upto 5000 records in one go. (may be less in some cases),Você só pode fazer upload de até 5.000 registros de uma só vez. (pode ser menor em alguns casos)
"You can select one from the following,","Você pode selecionar um dos seguintes,"
You can set a high value here if multiple users will be logging in from the same network.,Você pode definir um valor alto aqui se vários usuários fizerem login na mesma rede.
You can try changing the filters of your report.,Você pode tentar alterar os filtros do seu relatório.
You can use Customize Form to set levels on fields.,Você pode usar Personalizar formulário para definir níveis nos campos.
You can't set 'Options' for field {0},Você não pode definir 'Opções' para o campo {0}
You can't set 'Translatable' for field {0},Você não pode definir 'Traduzível' para o campo {0}
You can't set standard field {0} as virtual,Você não pode definir o campo padrão {0} como virtual
You cancelled this document,Você cancelou este documento
You cancelled this document {1},Você cancelou este documento {1}
You cannot create a dashboard chart from single DocTypes,Você não pode criar um gráfico de painel a partir de DocTypes únicos
You cannot share `{0}` on {1} `{2}` as you do not have `{0}` permission on `{1}`,Você não pode compartilhar `{0}` em {1} `{2}` porque você não tem permissão `{0}` em `{1}`
You cannot unset 'Read Only' for field {0},Você não pode cancelar a definição de 'Somente leitura' para o campo {0}
You changed the value of {0},Você alterou o valor de {0}
You changed the value of {0} {1},Você alterou o valor de {0} {1}
You changed the values for {0},Você alterou os valores de {0}
You changed the values for {0} {1},Você alterou os valores de {0} {1}
You changed {0} to {1},Você alterou {0} para {1}
You created this,Você criou isso
You created this document {0},Você criou este documento {0}
You do not have enough permissions to access this resource. Please contact your manager to get access.,Você não tem permissões suficientes para acessar este recurso. Entre em contato com seu gerente para obter acesso.
You do not have enough permissions to complete the action,Você não tem permissões suficientes para concluir a ação
You do not have import permission for {0},Você não tem permissão de importação para {0}
You do not have permission to access child table field: {0},Você não tem permissão para acessar o campo da tabela secundária: {0}
You do not have permission to access field: {0},Você não tem permissão para acessar o campo: {0}
You do not have permission to access {0}: {1}.,Você não tem permissão para acessar {0}: {1}.
You do not have permissions to cancel all linked documents.,Você não tem permissão para cancelar todos os documentos vinculados.
You don't have access to Report: {0},Você não tem acesso ao Relatório: {0}
You don't have permission to access the {0} DocType.,Você não tem permissão para acessar o {0} DocType.
You don't have permission to access this file,Você não tem permissão para acessar este arquivo
You don't have permission to get a report on: {0},Você não tem permissão para receber um relatório sobre: ​​{0}
You don't have the permissions to access this document,Você não tem permissão para acessar este documento
You have been successfully logged out,Você foi desconectado com sucesso
You have hit the row size limit on database table: {0},Você atingiu o limite de tamanho de linha na tabela do banco de dados: {0}
You have not entered a value. The field will be set to empty.,Você não inseriu um valor. O campo será definido como vazio.
You have to enable Two Factor Auth from System Settings.,Você deve ativar a autenticação de dois fatores nas configurações do sistema.
You have unsaved changes in this form. Please save before you continue.,Você tem alterações não salvas neste formulário. Salve antes de continuar.
You have unseen {0},Você não viu {0}
You haven't added any Dashboard Charts or Number Cards yet.,Você ainda não adicionou nenhum gráfico de painel ou cartão numérico.
You haven't created a {0} yet,Você ainda não criou um {0}
You hit the rate limit because of too many requests. Please try after sometime.,"Você atingiu o limite de taxa devido a muitas solicitações. Por favor, tente depois de algum tempo."
You last edited this,Você editou isso pela última vez
You must add atleast one link.,Você deve adicionar pelo menos um link.
You must be logged in to use this form.,Você deve estar logado para usar este formulário.
You must login to submit this form,Você deve fazer login para enviar este formulário
You need the '{0}' permission on {1} {2} to perform this action.,Você precisa da permissão '{0}' em {1} {2} para executar esta ação.
You need to be Workspace Manager to delete a public workspace.,Você precisa ser Workspace Manager para excluir um espaço de trabalho público.
You need to be Workspace Manager to edit this document,Você precisa ser Gerente do Workspace para editar este documento
You need to be a system user to access this page.,Você precisa ser um usuário do sistema para acessar esta página.
You need to be in developer mode to edit a Standard Web Form,Você precisa estar no modo de desenvolvedor para editar um formulário da Web padrão
You need to be logged in and have System Manager Role to be able to access backups.,Você precisa estar logado e ter a função de gerente do sistema para poder acessar os backups.
You need to be logged in to access this page,Você precisa estar logado para acessar esta página
You need to be logged in to access this {0}.,Você precisa estar logado para acessar este {0}.
You need to be {0} to rename this document,Você precisa ser {0} para renomear este documento
You need to enable JavaScript for your app to work.,Você precisa habilitar o JavaScript para que seu aplicativo funcione.
"You need to have ""Share"" permission","Você precisa ter permissão para ""Compartilhar"""
You need to install pycups to use this feature!,Você precisa instalar pycups para usar este recurso!
You need to select indexes you want to add first.,Você precisa selecionar os índices que deseja adicionar primeiro.
You need to set one IMAP folder for {0},Você precisa definir uma pasta IMAP para {0}
You need write permission on {0} {1} to merge,Você precisa de permissão de gravação em {0} {1} para mesclar
You need write permission on {0} {1} to rename,Você precisa de permissão de gravação em {0} {1} para renomear
You need {0} permission to fetch values from {1} {2},Você precisa de permissão de {0} para buscar valores de {1} {2}
You removed 1 row from {0},Você removeu 1 linha de {0}
You removed attachment {0},Você removeu o anexo {0}
You removed {0} rows from {1},Você removeu {0} linhas de {1}
You seem good to go!,Você parece pronto para ir!
You seem to have written your name instead of your email. Please enter a valid email address so that we can get back.,"Parece que você escreveu seu nome em vez de seu Email. Por favor, insira um endereço de Email válido para que possamos retornar."
You selected Draft or Cancelled documents,Você selecionou documentos Rascunho ou Cancelados
You submitted this document,Você enviou este documento
You submitted this document {0},Você enviou este documento {0}
You unfollowed this document,Você deixou de seguir este documento
You viewed this,Você viu isso
You will be redirected to:,Você será redirecionado para:
You've been invited to join {0},Você foi convidado para participar de {0}
You've been invited to join {0}.,Você foi convidado para participar de {0}.
You've logged in as another user from another tab. Refresh this page to continue using system.,Você fez login como outro usuário em outra guia. Atualize esta página para continuar usando o sistema.
YouTube,YouTube
"Your CSV file is being generated and will appear in the Attachments section once ready. Additionally, you will get notified when the file is available for download.","Seu arquivo CSV está sendo gerado e aparecerá na seção Anexos quando estiver pronto. Além disso, você será notificado quando o arquivo estiver disponível para download."
Your Country,Seu país
Your Language,Seu idioma
Your Name,Seu nome
Your PDF is ready for download,Seu PDF está pronto para download
Your Shortcuts,Seus atalhos
Your account has been deleted,Sua conta foi excluída
Your account has been locked and will resume after {0} seconds,Sua conta foi bloqueada e será retomada após {0} segundos
Your browser does not support the audio element.,Seu navegador não suporta o elemento áudio.
Your browser does not support the video element.,Seu navegador não suporta o elemento vídeo.
Your connection request to Google Calendar was successfully accepted,Sua solicitação de conexão com o Google Agenda foi aceita com sucesso
Your email address,Seu endereço de email
Your exported report: {0},Seu relatório exportado: {0}
Your form has been successfully updated,Seu formulário foi atualizado com sucesso
Your invitation to join {0} has been cancelled by the site administrator.,Seu convite para participar de {0} foi cancelado pelo administrador do site.
Your invitation to join {0} has expired.,Seu convite para participar de {0} expirou.
Your login id is,Seu ID de login é
Your new password has been set successfully.,Sua nova senha foi definida com sucesso.
Your old password is incorrect.,Sua senha antiga está incorreta.
Your organization name and address for the email footer.,Nome e endereço da sua organização para o rodapé do Email.
Your password has been changed and you might have been logged out of all systems.<br>Please contact the Administrator for further assistance.,Sua senha foi alterada e você pode ter sido desconectado de todos os sistemas.<br>Entre em contato com o Administrador para obter mais assistência.
"Your query has been received. We will reply back shortly. If you have any additional information, please reply to this mail.","Sua consulta foi recebida. Responderemos em breve. Se você tiver alguma informação adicional, responda a este Email."
Your report is being generated in the background. You will receive an email on {0} with a download link once it is ready.,Seu relatório está sendo gerado em segundo plano. Você receberá um Email em {0} com um link para download assim que estiver pronto.
"Your session has expired, please login again to continue.","Sua sessão expirou, faça login novamente para continuar."
Your verification code is {0},Seu código de verificação é {0}
Zero,Zero
[Action taken by {0}],[Ação realizada por {0}]
\u2190 Back to upload files,\u2190 Voltar para fazer upload de arquivos
`as_iterator` only works with `as_list=True` or `as_dict=True`,`as_iterator` só funciona com `as_list=True` ou `as_dict=True`
`job_id` paramater is required for deduplication.,O parâmetro `job_id` é necessário para desduplicação.
a2bf,a2bf
a352,a352
a434,a434
a4d3,a4d3
a630,a630
a640,a640
a691,a691
ab13,ab13
ac1f,ac1f
ad6d,ad6d
added,adicionado
ae40,sim40
ae93,ae93
after_insert,depois_inserir
amend,alterar
and,e
ascending,ascendente
b041,b041
b0c0,b0c0
b622,b622
b64b,b64b
b727,b727
by Role,por função
c04e,c04e
c430,c430
c6b6,c6b6
c6cd,c6cd
c740,c740
c8ba,c8ba
c975,c975
cProfile Output,Saída do cProfile
ca84,cerca de 84
caad,personalizado
calendar,calendário
cancel,cancelar
canceled,cancelado
cc12,cc12
ce4e,ce4e
chrome,cromo
clear,claro
commented,comentou
completed,concluído
create,criar
cyan,ciano
d,d
d012,d012
d039,d039
d066,d066
d1e7,d1e7
d28b,d28b
d2bb,d2bb
d3b7,d3b7
d44e,d44e
d58f,d58f
d784,d784
d81d,d81d
da84,sim84
darkgrey,cinza escuro
dashboard,painel
dbb4,dbb4
dbf1,dbf1
dd-mm-yyyy,dd-mm-aaaa
dd.mm.yyyy,dd.mm.aaaa
ddb0,ddb0
default,padrão
deferred,adiado
delete,excluir
descending,descendente
df75,df75
"document type..., e.g. customer","tipo de documento..., por ex. cliente"
"e.g. ""Support"", ""Sales"", ""Jerry Yang""","por exemplo ""Suporte"", ""Vendas"", ""Jerry Yang"""
e.g. (55 + 434) / 4,por exemplo (55 + 434) / 4
e.g. replies@yourcomany.com. All replies will come to this inbox.,por exemplo respostas@yourcomany.com. Todas as respostas chegarão a esta caixa de entrada.
e.g.:,por exemplo:
e01a,e01a
e163,e163
e177,e177
e260,e260
e439,e439
e538,e538
e893,e893
e8b5,e8b5
e95a,e95a
emacs,emacs
email,Email
email inbox,caixa de entrada de Email
empty,vazio
export,exportar
f5df,f5df
f772,f772
facebook,Facebook
failed,fracassado
fairlogin,login justo
fb6a,fb6a
fc6a,fc6a
fdbc,fdbc
fdbf,fdbf
finished,finalizado
gray,cinza
grey,cinza
gzip not found in PATH! This is required to take a backup.,gzip não encontrado em PATH! Isso é necessário para fazer um backup.
h,h
here,aqui
hub,eixo
import,importar
inverted,invertido
is disabled,está desativado
is enabled,está habilitado
jane@example.com,jane@exemplo.com
just now,agora mesmo
label,rótulo
light-blue,azul claro
linkedin,Linkedin
logged in,logado
login_required,login_requerido
long,longo
m,eu
merged {0} into {1},mesclado {0} em {1}
mm-dd-yyyy,mm-dd-aaaa
module name...,nome do módulo...
new type of document,novo tipo de documento
nonce,agora
none,nenhum
notified,notificado
of,de
old_parent,pai_antigo
on_cancel,on_cancel
on_submit,on_submit
on_trash,no_lixo
on_update,on_update
on_update_after_submit,on_update_after_submit
pink,rosa
plain,simples
print-format-builder-beta,construtor de formato de impressão-beta
processlist,lista de processos
queued,na fila
read,ler
removed,removido
report,relatório
restored {0} as {1},restaurado {0} como {1}
row,linha
rows,linhas
s,é
s256,s256
scheduled,agendado
select,selecione
short,curto
since last month,desde o mês passado
since last week,desde a semana passada
since last year,desde o ano passado
started,iniciado
starting the setup...,iniciando a configuração...
steps completed,etapas concluídas
"string value, i.e. group","valor da string, ou seja, grupo"
"string value, i.e. member","valor da string, ou seja, membro"
"string value, i.e. {0} or uid={0},ou=users,dc=example,dc=com","valor de string, ou seja, {0} ou uid={0},ou=users,dc=example,dc=com"
submit,enviar
"tag name..., e.g. #tag","nome da etiqueta..., por ex. #dia"
text in document type,texto no tipo de documento
this form,este formulário
this shouldn't break,isso não deveria quebrar
to close,fechar
to navigate,navegar
to select,para selecionar
twitter,Twitter
updated to {0},atualizado para {0}
use % as wildcard,use % como curinga
version_table,versão_tabela
via Assignment Rule,via regra de atribuição
via Auto Repeat,via repetição automática
via Data Import,via importação de dados
via Google Meet,através do Google Meet
via Notification,via notificação
via {0},através de {0}
vim,vim
vscode,vscode
wants to access the following details from your account,deseja acessar os seguintes detalhes da sua conta
when clicked on element it will focus popover if present.,"quando clicado no elemento, ele focará o popover, se presente."
wkhtmltopdf,wkhtmltopdf
wkhtmltopdf 0.12.x (with patched qt).,wkhtmltopdf 0.12.x (com qt corrigido).
workflow_transition,fluxo de trabalho_transição
write,escrever
{0},{0}
"{0} ${skip_list ? """" : type}","{0}${skip_list? """" : tipo}"
{0} ${type},{0} ${tipo}
{0} ({1}),{0} ({1})
{0} ({1}) (1 row mandatory),{0} ({1}) (1 linha obrigatória)
{0} ({1}) - {2}%,{0} ({1}) - {2}%
{0} = {1},{0} = {1}
{0} Chart,{0} Gráfico
{0} Dashboard,{0} Painel
{0} Google Calendar Events synced.,{0} Eventos do Google Agenda sincronizados.
{0} Google Contacts synced.,{0} Contatos do Google sincronizados.
{0} Liked,{0} Gostou
{0} List,{0} Lista
{0} List View Settings,{0} Configurações de visualização de lista
{0} Map,{0} Mapa
{0} Name,{0} Nome
{0} Not allowed to change {1} after submission from {2} to {3},{0} Não é permitido alterar {1} após o envio de {2} para {3}
{0} Report,{0} Relatório
{0} Reports,{0} Relatórios
{0} Settings,{0} Configurações
{0} Tree,{0} Árvore
{0} Web page views,{0} Visualizações de páginas da Web
{0} added,{0} adicionado
{0} added 1 row to {1},{0} adicionou 1 linha a {1}
{0} added {1} rows to {2},{0} adicionou {1} linhas a {2}
{0} already exists. Select another name,{0} já existe. Selecione outro nome
{0} already unsubscribed,{0} já cancelou a inscrição
{0} already unsubscribed for {1} {2},{0} já cancelou a assinatura de {1} {2}
{0} are currently {1},{0} são atualmente {1}
{0} are required,{0} são obrigatórios
{0} assigned a new task {1} {2} to you,{0} atribuiu uma nova tarefa {1} {2} a você
{0} assigned {1}: {2},{0} atribuído {1}: {2}
{0} attached {1},{0} anexado {1}
{0} can not be more than {1},{0} não pode ser maior que {1}
{0} cancelled this document,{0} cancelou este documento
{0} cancelled this document {1},{0} cancelou este documento {1}
{0} cannot be amended because it is not cancelled. Please cancel the document before creating an amendment.,{0} não pode ser alterado porque não foi cancelado. Cancele o documento antes de criar uma alteração.
{0} cannot be hidden and mandatory without any default value,{0} não pode ser oculto e obrigatório sem qualquer valor padrão
{0} changed the value of {1},{0} alterou o valor de {1}
{0} changed the value of {1} {2},{0} alterou o valor de {1} {2}
{0} changed the values for {1},{0} alterou os valores de {1}
{0} changed the values for {1} {2},{0} alterou os valores de {1} {2}
{0} changed {1} to {2},{0} alterou {1} para {2}
"{0} contains an invalid Fetch From expression, Fetch From can't be self-referential.",{0} contém uma expressão Fetch From inválida. Fetch From não pode ser autorreferencial.
{0} contains {1},{0} contém {1}
{0} created this,{0} criou isto
{0} created this document {1},{0} criou este documento {1}
{0} d,{0}d
{0} does not contain {1},{0} não contém {1}
{0} does not exist in row {1},{0} não existe na linha {1}
{0} equals {1},{0} é igual a {1}
"{0} field cannot be set as unique in {1}, as there are non-unique existing values","O campo {0} não pode ser definido como exclusivo em {1}, pois existem valores não exclusivos"
{0} format could not be determined from the values in this column. Defaulting to {1}.,O formato {0} não pôde ser determinado a partir dos valores nesta coluna. O padrão é {1}.
{0} from {1} to {2},{0} de {1} a {2}
{0} from {1} to {2} in row #{3},{0} de {1} a {2} na linha #{3}
{0} h,{0} horas
{0} has already assigned default value for {1}.,{0} já atribuiu valor padrão para {1}.
{0} has invalid backtick notation: {1},{0} tem notação de crase inválida: {1}
{0} has left the conversation in {1} {2},{0} saiu da conversa em {1} {2}
{0} if you are not redirected within {1} seconds,{0} se você não for redirecionado em {1} segundos
{0} in row {1} cannot have both URL and child items,{0} na linha {1} não pode ter URL e itens filhos
{0} is a descendant of {1},{0} é descendente de {1}
{0} is a not a valid zip file,{0} não é um arquivo zip válido
{0} is after {1},{0} está depois de {1}
{0} is an ancestor of {1},{0} é um ancestral de {1}
{0} is an invalid Data field.,{0} é um campo de dados inválido.
{0} is an invalid email address in 'Recipients',{0} é um endereço de Email inválido em 'Destinatários'
{0} is before {1},{0} é antes de {1}
{0} is between {1},{0} está entre {1}
{0} is between {1} and {2},{0} está entre {1} e {2}
{0} is currently {1},{0} é atualmente {1}
{0} is disabled,{0} está desativado
{0} is enabled,{0} está ativado
{0} is equal to {1},{0} é igual a {1}
{0} is greater than or equal to {1},{0} é maior ou igual a {1}
{0} is greater than {1},{0} é maior que {1}
{0} is less than or equal to {1},{0} é menor ou igual a {1}
{0} is less than {1},{0} é menor que {1}
{0} is like {1},{0} é como {1}
{0} is not a descendant of {1},{0} não é descendente de {1}
{0} is not a field of doctype {1},{0} não é um campo do tipo de documento {1}
{0} is not a raw printing format.,{0} não é um formato de impressão bruto.
{0} is not a valid Calendar. Redirecting to default Calendar.,{0} não é um calendário válido. Redirecionando para o calendário padrão.
{0} is not a valid Cron expression.,{0} não é uma expressão Cron válida.
{0} is not a valid DocType for Dynamic Link,{0} não é um DocType válido para Dynamic Link
{0} is not a valid Email Address,{0} não é um endereço de Email válido
{0} is not a valid ISO 3166 ALPHA-2 code.,{0} não é um código ISO 3166 ALPHA-2 válido.
{0} is not a valid Name,{0} não é um nome válido
{0} is not a valid parent DocType for {1},{0} não é um DocType pai válido para {1}
{0} is not a valid parentfield for {1},{0} não é um campo pai válido para {1}
{0} is not a zip file,{0} não é um arquivo zip
{0} is not an allowed role for {1},{0} não é uma função permitida para {1}
{0} is not an ancestor of {1},{0} não é ancestral de {1}
{0} is not equal to {1},{0} não é igual a {1}
{0} is not like {1},{0} não é como {1}
{0} is not one of {1},{0} não é um de {1}
{0} is not set,{0} não está definido
{0} is now default print format for {1} doctype,{0} agora é o formato de impressão padrão para {1} tipo de documento
{0} is on or after {1},{0} está em ou depois de {1}
{0} is on or before {1},{0} está em ou antes de {1}
{0} is one of {1},{0} é um de {1}
{0} is set,{0} está definido
{0} is within {1},{0} está dentro de {1}
{0} is {1},{0} é {1}
{0} just impersonated as you. They gave this reason: {1},{0} acabou de se passar por você. Eles deram este motivo: {1}
{0} last edited this,{0} editou isto pela última vez
{0} logged in,{0} conectado
{0} logged out: {1},{0} desconectado: {1}
{0} m,{0} min
{0} must be beginning with '{1}',{0} deve começar com '{1}'
{0} must be equal to '{1}',{0} deve ser igual a '{1}'
{0} must be none of {1},{0} não deve ser nenhum de {1}
{0} must be {1} {2},{0} deve ser {1} {2}
"{0} must begin and end with a letter and can only contain letters, hyphen or underscore.","{0} deve começar e terminar com uma letra e só pode conter letras, hífen ou sublinhado."
{0} of {1} ({2} rows with children),{0} de {1} ({2} linhas com filhos)
{0} of {1} records match (filtered on visible rows only),{0} de {1} registros correspondem (filtrados somente em linhas visíveis)
{0} only.,{0} somente.
{0} records are not automatically deleted.,{0} registros não são excluídos automaticamente.
{0} records are retained for {1} days.,{0} registros são retidos por {1} dias.
{0} removed 1 row from {1},{0} removeu 1 linha de {1}
{0} removed attachment {1},{0} anexo removido {1}
{0} removed their assignment.,{0} removeu a tarefa.
{0} removed {1} rows from {2},{0} removeu {1} linhas de {2}
{0} restricted document,{0} documento restrito
{0} restricted documents,{0} documentos restritos
{0} role does not have permission on any doctype,A função {0} não tem permissão em nenhum tipo de documento
{0} rows from {1},{0} linhas de {1}
{0} rows to {1},{0} linhas para {1}
{0} self assigned this task: {1},{0} atribuiu esta tarefa a si mesmo: {1}
{0} shared a document {1} {2} with you,{0} compartilhou um documento {1} {2} com você
{0} shared this document with everyone,{0} compartilhou este documento com todos
{0} should be indexed because it's referred in dashboard connections,{0} deve ser indexado porque é referenciado nas conexões do painel
{0} should not be same as {1},{0} não deve ser igual a {1}
{0} submitted this document,{0} enviou este documento
{0} submitted this document {1},{0} enviou este documento {1}
{0} subscribers added,{0} inscritos adicionados
{0} to stop receiving emails of this type,{0} para parar de receber Emails deste tipo
{0} to {1},{0} a {1}
{0} un-shared this document with {1},{0} cancelou o compartilhamento deste documento com {1}
{0} updated,{0} atualizado
{0} values selected,{0} valores selecionados
{0} viewed this,{0} viu isto
{0} w,{0} s
{0} with the role <strong>{1}</strong>,{0} com a função <strong>{1}</strong>
{0} y,{0} a
{0} {1} added to Dashboard {2},{0} {1} adicionado ao Painel {2}
"{0} {1} cannot be ""{2}"". It should be one of ""{3}""","{0} {1} não pode ser ""{2}"". Deve ser um dos ""{3}"""
{0} {1} cannot be a leaf node as it has children,{0} {1} não pode ser um nó folha porque tem filhos
"{0} {1} does not exist, select a new target to merge","{0} {1} não existe, selecione um novo destino para mesclar"
{0} {1} is linked with the following submitted documents: {2},{0} {1} está vinculado aos seguintes documentos enviados: {2}
"{0}, Row {1}","{0}, linha {1}"
{0}.,{0}.
{0}/{1} complete | Please leave this tab open until completion.,"{0}/{1} concluído | Por favor, deixe esta aba aberta até a conclusão."
"{0}: '{1}' ({3}) will get truncated, as max characters allowed is {2}","{0}: '{1}' ({3}) ficará truncado, pois o máximo de caracteres permitidos é {2}"
{0}: Cannot set Assign Amend if not Submittable,{0}: não é possível definir Atribuir alteração se não puder ser enviado
{0}: Cannot set Assign Submit if not Submittable,{0}: não é possível definir Atribuir envio se não puder ser enviado
{0}: Cannot set Import without Create,{0}: não é possível definir Importar sem Criar
"{0}: Cannot set Submit, Cancel, Amend without Write","{0}: não é possível definir Enviar, Cancelar, Alterar sem Gravar"
{0}: Cannot set import as {1} is not importable,{0}: não é possível definir a importação porque {1} não é importável
"{0}: Failed to attach new recurring document. To enable attaching document in the auto repeat notification email, enable {1} in Print Settings","{0}: falha ao anexar novo documento recorrente. Para ativar o anexo de documento no Email de notificação de repetição automática, ative {1} em Configurações de impressão"
{0}: Field {1} in row {2} cannot be hidden and mandatory without default,{0}: o campo {1} na linha {2} não pode ser oculto e é obrigatório sem padrão
{0}: Field {1} of type {2} cannot be mandatory,{0}: O campo {1} do tipo {2} não pode ser obrigatório
{0}: Fieldname {1} appears multiple times in rows {2},{0}: o nome do campo {1} aparece diversas vezes nas linhas {2}
{0}: Fieldtype {1} for {2} cannot be unique,{0}: o tipo de campo {1} para {2} não pode ser exclusivo
{0}: No basic permissions set,{0}: nenhuma permissão básica definida
"{0}: Only one rule allowed with the same Role, Level and {1}","{0}: somente uma regra permitida com a mesma função, nível e {1}"
{0}: Options must be a valid DocType for field {1} in row {2},{0}: as opções devem ser um DocType válido para o campo {1} na linha {2}
{0}: Options required for Link or Table type field {1} in row {2},{0}: opções obrigatórias para o campo de tipo de link ou tabela {1} na linha {2}
{0}: Options {1} must be the same as doctype name {2} for the field {3},{0}: as opções {1} devem ser iguais ao nome do tipo de documento {2} para o campo {3}
{0}: Other permission rules may also apply,{0}: outras regras de permissão também podem ser aplicadas
{0}: Permission at level 0 must be set before higher levels are set,{0}: a permissão no nível 0 deve ser definida antes que níveis superiores sejam definidos
{0}: You can increase the limit for the field if required via {1},"{0}: você pode aumentar o limite do campo, se necessário, por meio de {1}"
{0}: fieldname cannot be set to reserved field {1} in DocType,{0}: fieldname não pode ser definido como campo reservado {1} em DocType
{0}: fieldname cannot be set to reserved keyword {1},{0}: fieldname não pode ser definido como palavra-chave reservada {1}
{0}: {1},{0}: {1}
{0}: {1} is set to state {2},{0}: {1} está definido para o estado {2}
{0}: {1} vs {2},{0}: {1} versus {2}
{0}:Fieldtype {1} for {2} cannot be indexed,{0}:Fieldtype {1} para {2} não pode ser indexado
{1} saved,{1} salvo
{count} cell copied,{count} células copiadas
{count} cells copied,{count} células copiadas
{count} row selected,{count} linha selecionada
{count} rows selected,{count} linhas selecionadas
{{{0}}} is not a valid fieldname pattern. It should be {{field_name}}.,{{{0}}} não é um padrão de nome de campo válido. Deve ser {{field_name}}.
{} Invalid python code on line {},{} Código python inválido na linha {}
{} Possibly invalid python code. <br>{},{} Código python possivelmente inválido. <br>{}
{} does not support automated log clearing.,{} não oferece suporte à limpeza automática de registros.
{} field cannot be empty.,O campo {} não pode ficar vazio.
{} has been disabled. It can only be enabled if {} is checked.,{} foi desativado. Só poderá ser ativado se {} estiver marcado.
{} is not a valid date string.,{} não é uma string de data válida.
{} not found in PATH! This is required to access the console.,{} não encontrado em PATH! Isso é necessário para acessar o console.
{} not found in PATH! This is required to restore the database.,{} não encontrado em PATH! Isso é necessário para restaurar o banco de dados.
{} not found in PATH! This is required to take a backup.,{} não encontrado em PATH! Isso é necessário para fazer um backup.
‚Üê Back to upload files,‚Üê Voltar para fazer upload de arquivos
